course_ccode,course_cnumber,prereq_ccode,prereq_cnumber,equi_id
ACCT,210,ACCT,209,1,
ACCT,210,ACCT,229,1,
ACCT,327,ACCT,229,1,
ACCT,327,ACCT,230,2,
ACCT,328,ACCT,327,1,
ACCT,329,ACCT,315,1,
ACCT,329,ACCT,327,1,
ACCT,405,ACCT,327,1,
ACCT,407,ACCT,327,1,
ACCT,408,ACCT,427,1,
ACCT,410,ACCT,327,1,
ACCT,427,ACCT,229,1,
ACCT,445,ACCT,315,1,
ACCT,445,ACCT,327,1,
ACCT,445,FINC,341,2,
ACCT,450,ACCT,427,1,
AERO,201,ENGR,102,1,
AERO,201,PHYS,206,2,
AERO,201,ENGR,216,3,
AERO,201,PHYS,216,3,
AERO,201,MATH,251,4,
AERO,201,MATH,253,4,
AERO,211,ENGR,102,1,
AERO,211,PHYS,206,2,
AERO,211,PHYS,216,3,
AERO,211,ENGR,216,3,
AERO,211,MATH,251,4,
AERO,211,MATH,253,4,
AERO,212,CHEM,107,1,
AERO,212,CHEM,117,2,
AERO,212,CHEM,120,2,
AERO,212,MATH,251,3,
AERO,212,MATH,253,3,
AERO,214,AERO,211,1,
AERO,214,MATH,308,2,
AERO,222,ENGR,102,1,
AERO,222,MATH,308,2,
AERO,301,AERO,201,1,
AERO,301,AERO,212,2,
AERO,301,AERO,222,3,
AERO,301,MATH,308,4,
AERO,303,AERO,301,1,
AERO,304,AERO,214,1,
AERO,304,MATH,308,2,
AERO,304,AERO,222,3,
AERO,304,AERO,220,3,
AERO,306,AERO,304,1,
AERO,307,ENGL,104,1,
AERO,307,ENGL,103,1,
AERO,307,AERO,222,2,
AERO,307,AERO,301,3,
AERO,307,AERO,304,4,
AERO,307,AERO,310,5,
AERO,307,ECEN,215,6,
AERO,310,AERO,211,1,
AERO,310,MATH,308,2,
AERO,310,AERO,222,3,
AERO,310,AERO,220,3,
AERO,321,AERO,301,1,
AERO,321,AERO,310,2,
AERO,351,AERO,303,1,
AERO,401,AERO,306,1,
AERO,401,AERO,307,2,
AERO,401,AERO,321,3,
AERO,401,AERO,351,4,
AERO,402,AERO,306,1,
AERO,402,AERO,307,2,
AERO,402,AERO,321,3,
AERO,402,AERO,351,4,
AERO,402,AERO,401,5,
AERO,404,AERO,304,1,
AERO,413,AERO,304,1,
AERO,414,AERO,321,1,
AERO,415,AERO,303,1,
AERO,415,AERO,351,2,
AERO,422,AERO,321,1,
AERO,423,AERO,310,1,
AERO,424,AERO,321,1,
AERO,430,AERO,222,1,
AERO,430,MATH,417,1,
AERO,451,AERO,310,1,
AERO,452,AERO,303,1,
AERO,452,AERO,351,2,
AERO,478,AERO,303,1,
AERO,478,MATH,308,2,
AERO,670,AERO,640,1,
AERS,102,AERS,101,1,
AERS,102,AERS,106,2,
AERS,304,AERS,303,1,
AERS,404,AERS,403,1,
AFST,379,ENGL,203,1,
AFST,379,ENGL,202,1,
AFST,379,ENGL,206,1,
AFST,379,HISP,362,1,
AFST,379,ENGL,212,1,
AFST,379,ENGL,219,1,
AFST,379,ENGL,227,1,
AFST,379,ENGL,228,1,
AFST,379,ENGL,204,1,
AFST,379,AFST,204,1,
AFST,379,ENGL,205,1,
AFST,379,AFST,205,1,
AFST,379,ENGL,221,1,
AFST,379,MODL,221,1,
AFST,379,ENGL,222,1,
AFST,379,MODL,222,1,
AFST,379,ENGL,303,1,
AFST,379,ENGL,312,1,
AFST,379,ENGL,313,1,
AFST,379,ENGL,314,1,
AFST,379,ENGL,315,1,
AFST,379,ENGL,316,1,
AFST,379,ENGL,317,1,
AFST,379,ENGL,321,1,
AFST,379,ENGL,322,1,
AFST,379,ENGL,323,1,
AFST,379,ENGL,330,1,
AFST,379,ENGL,331,1,
AFST,379,ENGL,334,1,
AFST,379,ENGL,335,1,
AFST,379,ENGL,336,1,
AFST,379,ENGL,337,1,
AFST,379,ENGL,338,1,
AFST,379,ENGL,340,1,
AFST,379,ENGL,350,1,
AFST,379,ENGL,352,1,
AFST,379,ENGL,357,1,
AFST,379,ENGL,360,1,
AFST,379,ENGL,361,1,
AFST,379,ENGL,372,1,
AFST,379,ENGL,373,1,
AFST,379,ENGL,375,1,
AFST,379,ENGL,376,1,
AFST,379,ENGL,377,1,
AFST,379,ENGL,378,1,
AFST,379,ENGL,390,1,
AFST,379,ENGL,394,1,
AFST,379,ENGL,396,1,
AFST,379,ENGL,356,1,
AFST,379,FILM,356,1,
AFST,379,ENGL,365,1,
AFST,379,RELS,360,1,
AFST,379,ENGL,329,1,
AFST,379,AFST,329,1,
AFST,379,ENGL,392,1,
AFST,379,RELS,392,1,
AFST,379,ENGL,339,1,
AFST,379,AFST,339,1,
AFST,379,ENGL,393,1,
AFST,379,AFST,393,1,
AFST,379,ENGL,333,1,
AFST,379,WGST,333,1,
AFST,379,ENGL,374,1,
AFST,379,WGST,374,1,
AFST,379,ENGL,362,1,
AFST,379,ENGL,305,1,
AFST,379,ENGL,231,1,
AFST,379,ENGL,232,1,
AFST,379,ENGL,391,1,
AFST,379,ENGL,306,1,
AFST,379,ENGL,292,1,
AFST,379,ENGL,343,1,
AFST,379,ENGL,395,1,
AGCJ,281,AGCJ,105,1,
AGCJ,301,AGCJ,105,1,
AGCJ,301,AGCJ,281,2,
AGCJ,306,AGCJ,105,1,
AGCJ,311,AGCJ,105,1,
AGCJ,311,AGCJ,281,2,
AGCJ,312,AGCJ,105,1,
AGCJ,313,AGCJ,105,1,
AGCJ,313,AGCJ,312,2,
AGCJ,314,AGCJ,312,1,
AGCJ,314,AGCJ,313,2,
AGCJ,404,AGCJ,313,1,
AGCJ,405,AGCJ,312,1,
AGCJ,405,AGCJ,313,2,
AGCJ,408,AGCJ,313,1,
AGCJ,481,AGCJ,314,1,
AGEC,117,AGEC,105,1,
AGEC,117,ECON,202,1,
AGEC,117,ECON,203,1,
AGEC,117,ENGL,103,2,
AGEC,117,ENGL,104,2,
AGEC,217,AGEC,105,1,
AGEC,217,AGEC,117,2,
AGEC,217,MATH,141,3,
AGEC,217,MATH,168,3,
AGEC,217,MATH,140,3,
AGEC,217,MATH,142,4,
AGEC,285,AGEC,105,1,
AGEC,314,AGEC,105,1,
AGEC,314,ECON,202,1,
AGEC,314,ECON,203,1,
AGEC,316,AGEC,315,1,
AGEC,317,AGEC,217,1,
AGEC,317,ECON,323,2,
AGEC,317,BUSN,203,3,
AGEC,317,SCMT,303,3,
AGEC,317,STAT,301,3,
AGEC,317,STAT,302,3,
AGEC,317,STAT,303,3,
AGEC,324,AGEC,105,1,
AGEC,324,ECON,202,1,
AGEC,324,ACCT,229,2,
AGEC,324,ACCT,209,2,
AGEC,325,AGEC,105,1,
AGEC,325,ECON,202,1,
AGEC,330,AGEC,105,1,
AGEC,330,ECON,202,1,
AGEC,330,ECON,203,1,
AGEC,330,ACCT,209,2,
AGEC,330,ACCT,229,2,
AGEC,340,AGEC,105,1,
AGEC,340,ECON,202,1,
AGEC,340,ECON,203,1,
AGEC,414,AGEC,317,1,
AGEC,414,MKTG,321,2,
AGEC,415,AGEC,314,1,
AGEC,415,MKTG,321,1,
AGEC,415,MKTG,409,1,
AGEC,415,AGEC,315,2,
AGEC,416,AGEC,315,1,
AGEC,420,AGEC,105,1,
AGEC,420,ECON,202,1,
AGEC,422,AGEC,105,1,
AGEC,422,ECON,202,1,
AGEC,422,ECON,203,1,
AGEC,425,AGEC,424,1,
AGEC,429,AGEC,105,1,
AGEC,429,ECON,202,2,
AGEC,429,ECON,203,2,
AGEC,429,ENGL,103,3,
AGEC,429,ENGL,104,3,
AGEC,430,AGEC,105,1,
AGEC,430,ECON,202,1,
AGEC,430,ECON,203,1,
AGEC,430,AGEC,330,2,
AGEC,430,FINC,341,2,
AGEC,430,FINC,409,2,
AGEC,430,AGEC,317,3,
AGEC,430,AGEC,429,4,
AGEC,431,AGEC,317,1,
AGEC,431,AGEC,340,2,
AGEC,431,FINC,341,3,
AGEC,432,AGEC,317,1,
AGEC,432,AGEC,330,2,
AGEC,432,FINC,341,2,
AGEC,432,FINC,409,2,
AGEC,432,AGEC,422,3,
AGEC,434,ACCT,209,1,
AGEC,434,ACCT,229,1,
AGEC,434,ACCT,210,2,
AGEC,434,ACCT,230,2,
AGEC,434,AGEC,330,3,
AGEC,434,FINC,341,3,
AGEC,434,FINC,409,3,
AGEC,440,AGEC,317,1,
AGEC,440,AGEC,340,2,
AGEC,440,MGMT,363,3,
AGEC,447,AGEC,314,1,
AGEC,447,AGEC,317,2,
AGEC,448,AGEC,105,1,
AGEC,448,AGEC,317,2,
AGEC,448,AGEC,314,3,
AGEC,481,AGEC,217,1,
AGEC,495,AGEC,105,1,
AGEC,642,ECON,629,1,
AGEC,689,AGEC,429,1,
AGEC,689,AGEC,614,1,
AGLS,492,AGLS,392,1,
AGSC,373,AGSC,302,1,
AGSC,383,AGSC,302,1,
AGSC,425,AGSC,402,1,
AGSC,425,AGSC,405,2,
AGSC,425,AGSC,436,3,
AGSC,425,AGSC,481,4,
AGSC,425,AGSC,484,5,
AGSC,436,AGSC,402,1,
AGSC,436,AGSC,405,2,
AGSC,436,AGSC,425,3,
AGSC,436,AGSC,481,4,
AGSC,436,AGSC,484,5,
AGSC,484,AGSC,402,1,
AGSC,484,AGSC,405,2,
AGSC,484,AGSC,425,3,
AGSC,484,AGSC,436,4,
AGSC,484,AGSC,481,5,
AGSM,301,MATH,140,1,
AGSM,301,MATH,141,1,
AGSM,301,MATH,168,1,
AGSM,301,MATH,142,2,
AGSM,301,MATH,151,2,
AGSM,310,AGSM,201,1,
AGSM,310,AGSM,301,2,
AGSM,310,PHYS,201,3,
AGSM,310,PHYS,206,3,
AGSM,315,PHYS,201,1,
AGSM,315,PHYS,206,1,
AGSM,325,AGSM,201,1,
AGSM,337,MATH,140,1,
AGSM,337,MATH,141,1,
AGSM,337,MATH,168,1,
AGSM,337,MATH,142,2,
AGSM,337,MATH,151,2,
AGSM,337,MATH,152,3,
AGSM,337,AGSM,301,3,
AGSM,440,AGSM,439,1,
AGSM,440,COMM,203,2,
ALEC,473,ALEC,370,1,
ALED,301,ALED,202,1,
ALED,341,ALED,340,1,
ALED,344,ALED,340,1,
ALED,401,ALED,340,1,
ALED,401,ALED,301,1,
ALED,419,ALED,340,1,
ALED,426,ALED,340,1,
ALED,440,ALED,202,1,
ALED,494,ALED,301,1,
ANSC,108,ANSC,107,1,
ANSC,111,ANSC,101,1,
ANSC,111,ANSC,107,2,
ANSC,111,ANSC,108,3,
ANSC,113,ANSC,107,1,
ANSC,113,ANSC,108,2,
ANSC,205,ANSC,107,1,
ANSC,205,ANSC,108,2,
ANSC,205,ANSC,111,3,
ANSC,221,ANSC,201,1,
ANSC,303,ANSC,113,1,
ANSC,303,CHEM,101,2,
ANSC,303,CHEM,119,2,
ANSC,303,CHEM,222,2,
ANSC,303,CHEM,227,2,
ANSC,303,CHEM,257,2,
ANSC,305,ANSC,111,1,
ANSC,305,ANSC,113,2,
ANSC,305,GENE,301,3,
ANSC,305,STAT,301,4,
ANSC,305,STAT,302,4,
ANSC,305,STAT,303,4,
ANSC,305,ANSC,309,4,
ANSC,307,ANSC,113,1,
ANSC,318,ANSC,111,1,
ANSC,318,ANSC,113,2,
ANSC,318,ANSC,303,3,
ANSC,333,ANSC,113,1,
ANSC,333,ANSC,303,1,
ANSC,334,ANSC,333,1,
ANSC,404,ANSC,305,1,
ANSC,404,ANSC,307,2,
ANSC,404,ANSC,318,3,
ANSC,404,ANSC,333,4,
ANSC,404,ANSC,433,4,
ANSC,406,ANSC,305,1,
ANSC,406,ANSC,307,2,
ANSC,406,ANSC,318,3,
ANSC,406,ANSC,333,4,
ANSC,406,ANSC,433,4,
ANSC,408,ANSC,305,1,
ANSC,408,ANSC,307,2,
ANSC,408,ANSC,318,3,
ANSC,408,ANSC,333,4,
ANSC,408,ANSC,433,4,
ANSC,408,STAT,301,5,
ANSC,408,STAT,302,5,
ANSC,408,STAT,303,5,
ANSC,408,ANSC,309,5,
ANSC,412,ANSC,305,1,
ANSC,412,ANSC,307,2,
ANSC,412,ANSC,318,3,
ANSC,412,ANSC,333,4,
ANSC,414,ANSC,305,1,
ANSC,414,ANSC,307,2,
ANSC,414,ANSC,318,3,
ANSC,414,ANSC,333,4,
ANSC,414,ANSC,433,4,
ANSC,420,ANSC,305,1,
ANSC,420,ANSC,307,2,
ANSC,420,ANSC,318,3,
ANSC,420,ANSC,333,4,
ANSC,434,ANSC,305,1,
ANSC,434,ANSC,307,2,
ANSC,434,ANSC,318,3,
ANSC,434,ANSC,333,4,
ANSC,434,ANSC,433,4,
ANSC,467,ANSC,307,1,
ANSC,467,NFSC,307,1,
ANSC,487,CHEM,222,1,
ANSC,487,CHEM,228,1,
ANSC,498,ANSC,303,1,
ANSC,498,ANSC,307,2,
ANSC,498,ANSC,333,3,
ANSC,498,ANSC,334,4,
ANTH,410,ANTH,210,1,
ANTH,410,ANTH,205,1,
ANTH,421,MUST,221,1,
ANTH,421,ARCH,221,1,
ANTH,421,MAST,220,1,
ANTH,425,ANTH,225,1,
ANTH,425,ANTH,226,2,
ANTH,425,VIBS,305,2,
ANTH,447,ANTH,202,1,
ANTH,448,STAT,302,1,
ANTH,448,STAT,303,1,
ARAB,201,ARAB,102,1,
ARAB,201,ARAB,104,1,
ARAB,202,ARAB,201,1,
ARAB,323,ARAB,202,1,
ARAB,323,ARAB,204,1,
ARCH,105,ARCH,115,1,
ARCH,105,ENDS,115,1,
ARCH,108,ARCH,105,1,
ARCH,108,ENDS,105,1,
ARCH,108,ARCH,115,2,
ARCH,108,ENDS,115,2,
ARCH,115,ARCH,105,1,
ARCH,115,ENDS,105,1,
ARCH,206,ARCH,205,1,
ARCH,206,ENDS,105,2,
ARCH,206,ARCH,105,2,
ARCH,206,ENDS,108,2,
ARCH,206,ARCH,108,2,
ARCH,206,ENDS,115,2,
ARCH,206,ARCH,115,2,
ARCH,305,ARCH,249,1,
ARCH,305,ARCH,250,2,
ARCH,317,ARCH,216,1,
ARCH,331,MATH,142,1,
ARCH,331,PHYS,201,2,
ARCH,335,PHYS,201,1,
ARCH,406,ARCH,305,1,
ARCH,406,ARCH,331,2,
ARCH,406,ARCH,335,3,
ARCH,406,ARCH,405,4,
ARCH,406,CARC,301,5,
ARCH,406,ARCH,494,5,
AREN,300,AREN,200,1,
AREN,330,MEEN,315,1,
AREN,401,AREN,300,1,
AREN,401,AREN,330,2,
AREN,401,CVEN,345,3,
AREN,402,AREN,401,1,
AREN,440,AREN,300,1,
AREN,440,AREN,330,2,
ARTS,212,ARTS,111,1,
ARTS,212,ARTS,115,1,
ARTS,303,ARTS,104,1,
ARTS,303,VIST,105,1,
ARTS,304,ARTS,303,1,
ARTS,312,ARTS,210,1,
ARTS,312,VIST,310,1,
ARTS,312,ARTS,311,1,
ARTS,325,ARTS,111,1,
ARTS,325,ARTS,115,1,
ARTS,328,ARTS,305,1,
ARTS,345,ARTS,149,1,
ARTS,345,ARTS,150,1,
ARTS,345,ARTS,349,1,
ARTS,345,ARCH,249,1,
ARTS,345,ARCH,250,1,
ARTS,345,ARCH,350,1,
ARTS,403,ARTS,303,1,
ARTS,403,ARTS,203,1,
ARTS,403,ARTS,304,2,
ASTR,314,PHYS,207,1,
ASTR,314,PHYS,208,1,
ASTR,403,ASTR,314,1,
ASTR,420,ASTR,320,1,
ASTR,604,PHYS,615,1,
ATMO,203,ATMO,201,1,
ATMO,324,ATMO,201,1,
ATMO,324,ATMO,321,2,
ATMO,324,MATH,251,3,
ATMO,352,ATMO,251,1,
ATMO,352,MATH,152,2,
ATMO,352,MATH,172,2,
ATMO,370,ATMO,201,1,
ATMO,435,ATMO,336,1,
ATMO,435,MATH,308,2,
ATMO,441,ATMO,324,1,
ATMO,441,MATH,308,2,
ATMO,441,ATMO,446,3,
ATMO,444,ATMO,210,1,
ATMO,444,GEOS,210,1,
ATMO,455,MATH,308,1,
ATMO,455,ATMO,336,2,
ATMO,456,ATMO,435,1,
ATMO,461,ATMO,335,1,
ATMO,461,MATH,308,2,
ATMO,463,CHEM,119,1,
ATMO,463,CHEM,101,1,
ATMO,463,CHEM,107,1,
ATTR,202,ATTR,201,1,
ATTR,653,ATTR,652,1,
ATTR,653,ATTR,643,2,
ATTR,656,ATTR,655,1,
ATTR,656,ATTR,646,2,
ATTR,664,ATTR,662,1,
BAEN,301,MEEN,221,1,
BAEN,320,MEEN,221,1,
BAEN,320,CVEN,221,1,
BAEN,320,MATH,251,2,
BAEN,320,MATH,253,2,
BAEN,365,BAEN,340,1,
BAEN,365,CVEN,305,2,
BAEN,366,BAEN,320,1,
BAEN,366,BAEN,340,2,
BAEN,366,BAEN,365,3,
BAEN,366,MATH,308,4,
BAEN,370,ECEN,215,1,
BAEN,412,BAEN,340,1,
BAEN,431,BAEN,302,1,
BAEN,431,BMEN,282,1,
BAEN,431,CHEN,282,1,
BAEN,431,CHEN,382,1,
BAEN,431,CHEN,482,1,
BAEN,460,BAEN,340,1,
BAEN,465,BIOL,111,1,
BAEN,465,CHEM,222,2,
BAEN,465,CHEM,227,2,
BAEN,465,BAEN,302,2,
BAEN,465,EVEN,320,2,
BAEN,468,BAEN,340,1,
BAEN,477,BAEN,340,1,
BAEN,477,CVEN,311,1,
BAEN,477,EVEN,311,1,
BAEN,477,MEEN,344,1,
BAEN,480,BAEN,479,1,
BEFB,426,BEFB,425,1,
BEFB,470,BEFB,472,1,
BEFB,470,BEFB,474,2,
BEFB,470,BEFB,476,3,
BEFB,476,BEFB,470,1,
BESC,402,CHEM,222,1,
BESC,402,CHEM,227,1,
BESC,431,BESC,201,1,
BESC,431,STAT,201,2,
BESC,431,STAT,302,2,
BESC,431,STAT,303,2,
BESL,617,EPSY,610,1,
BICH,303,CHEM,222,1,
BICH,303,CHEM,227,1,
BICH,303,CHEM,257,1,
BICH,404,BICH,440,1,
BICH,406,BICH,441,1,
BICH,409,CHEM,228,1,
BICH,409,CHEM,258,1,
BICH,410,CHEM,228,1,
BICH,410,CHEM,258,1,
BICH,411,BICH,410,1,
BICH,412,BICH,410,1,
BICH,414,BICH,440,1,
BICH,414,BICH,410,1,
BICH,414,BICH,409,1,
BICH,420,GENE,302,1,
BICH,420,GENE,303,1,
BICH,420,BICH,410,2,
BICH,420,BICH,409,2,
BICH,420,BICH,440,2,
BICH,431,BICH,409,1,
BICH,431,BICH,410,1,
BICH,431,BICH,440,1,
BICH,431,GENE,301,2,
BICH,431,GENE,302,2,
BICH,431,GENE,303,2,
BICH,431,BIMS,320,2,
BICH,431,GENE,320,2,
BICH,432,GENE,301,1,
BICH,432,GENE,302,1,
BICH,432,GENE,303,1,
BICH,432,BIMS,320,1,
BICH,432,GENE,320,1,
BICH,432,BICH,431,2,
BICH,432,GENE,431,2,
BICH,440,CHEM,228,1,
BICH,440,CHEM,258,1,
BICH,440,BICH,404,2,
BICH,441,BICH,440,1,
BICH,464,GENE,302,1,
BICH,464,GENE,303,1,
BICH,464,BIOL,351,2,
BICH,489,BICH,409,1,
BICH,489,BICH,410,1,
BICH,489,BICH,440,1,
BIMS,320,CHEM,228,1,
BIMS,320,CHEM,258,1,
BIMS,320,PHYS,202,2,
BIMS,320,PHYS,207,2,
BIMS,421,GENE,302,1,
BIMS,421,BICH,410,2,
BIMS,421,BICH,440,2,
BIOL,112,BIOL,111,1,
BIOL,206,BIOL,101,1,
BIOL,206,BIOL,107,1,
BIOL,206,BIOL,111,1,
BIOL,206,BIOL,113,1,
BIOL,206,CHEM,119,2,
BIOL,206,CHEM,101,2,
BIOL,206,CHEM,111,3,
BIOL,213,BIOL,112,1,
BIOL,213,CHEM,120,2,
BIOL,213,CHEM,102,2,
BIOL,213,CHEM,112,3,
BIOL,214,BIOL,112,1,
BIOL,319,BIOL,111,1,
BIOL,319,BIOL,112,2,
BIOL,319,BIOL,107,2,
BIOL,320,BIOL,319,1,
BIOL,335,BIOL,214,1,
BIOL,351,BIOL,112,1,
BIOL,351,CHEM,227,2,
BIOL,351,CHEM,237,3,
BIOL,351,CHEM,231,3,
BIOL,357,BIOL,214,1,
BIOL,388,BIOL,214,1,
BIOL,388,CHEM,228,1,
BIOL,401,BIOL,213,1,
BIOL,401,CHEM,228,1,
BIOL,402,BIOL,213,1,
BIOL,402,CHEM,228,1,
BIOL,403,BIOL,213,1,
BIOL,403,CHEM,228,1,
BIOL,406,BIOL,351,1,
BIOL,406,GENE,302,2,
BIOL,407,BICH,431,1,
BIOL,407,BIOL,213,1,
BIOL,407,GENE,431,1,
BIOL,413,BIOL,213,1,
BIOL,413,GENE,302,1,
BIOL,413,BICH,410,2,
BIOL,413,BICH,440,2,
BIOL,414,BIOL,213,1,
BIOL,414,GENE,302,1,
BIOL,414,BICH,410,2,
BIOL,414,BICH,440,2,
BIOL,428,BIOL,213,1,
BIOL,428,PSYC,235,2,
BIOL,428,PBSI,235,2,
BIOL,438,BIOL,351,1,
BIOL,438,BIOL,406,2,
BIOL,443,BIOL,214,1,
BIOL,444,BIOL,213,1,
BIOL,444,BIOL,319,1,
BIOL,444,BIOL,320,1,
BIOL,444,BIOL,388,1,
BIOL,444,BIOL,413,1,
BIOL,444,NRSC,335,1,
BIOL,444,NRSC,235,1,
BIOL,444,PSYC,335,1,
BIOL,444,PSYC,235,1,
BIOL,445,BIOL,213,1,
BIOL,445,BIOL,351,1,
BIOL,450,BIOL,213,1,
BIOL,450,GENE,301,1,
BIOL,450,GENE,302,1,
BIOL,450,BICH,431,1,
BIOL,450,GENE,431,1,
BIOL,450,BIOL,351,1,
BIOL,451,BIOL,213,1,
BIOL,451,GENE,301,1,
BIOL,451,GENE,302,1,
BIOL,451,BIMS,320,1,
BIOL,451,GENE,320,1,
BIOL,454,BIOL,351,1,
BIOL,456,BIOL,351,1,
BIOL,461,BICH,410,1,
BIOL,461,BICH,440,1,
BIOL,461,BIOL,351,2,
BIOL,461,VTPB,405,2,
BIOL,489,BIOL,213,1,
BIOL,495,BIOL,452,1,
BIOL,495,BIOL,400,1,
BIOL,495,BICH,464,1,
BIOL,495,BIOL,493,1,
BIOL,495,BIOL,491,1,
BIOL,496,BIOL,491,1,
BIOL,496,NRSC,491,1,
BIOL,496,BICH,491,1,
BIOL,496,GENE,491,1,
BIOL,496,BIMS,491,1,
BIOL,496,CHEM,491,1,
BIOL,496,BICH,410,1,
BIOL,496,BIOL,351,1,
BMEN,201,MATH,152,1,
BMEN,207,MATH,152,1,
BMEN,207,ENGR,102,2,
BMEN,250,MATH,152,1,
BMEN,250,ENGR,102,2,
BMEN,254,BMEN,253,1,
BMEN,311,BMEN,207,1,
BMEN,321,BMEN,207,1,
BMEN,321,BMEN,250,2,
BMEN,321,STAT,312,2,
BMEN,321,MATH,308,3,
BMEN,321,PHYS,207,4,
BMEN,341,MATH,308,1,
BMEN,341,BMEN,207,2,
BMEN,341,PHYS,207,3,
BMEN,341,PHYS,208,3,
BMEN,343,MATH,308,1,
BMEN,343,BMEN,361,2,
BMEN,344,MATH,308,1,
BMEN,344,VTPP,435,2,
BMEN,351,BMEN,207,1,
BMEN,351,BMEN,250,2,
BMEN,351,STAT,312,2,
BMEN,354,BMEN,353,1,
BMEN,361,BMEN,207,1,
BMEN,361,BMEN,250,2,
BMEN,361,STAT,312,2,
BMEN,401,BMEN,321,1,
BMEN,404,BMEN,253,1,
BMEN,422,BMEN,321,1,
BMEN,454,BMEN,453,1,
BMEN,458,BMEN,207,1,
BMEN,463,BMEN,341,1,
BMEN,463,BMEN,361,2,
BMEN,471,BMEN,207,1,
BMEN,471,VTPP,434,2,
BMEN,480,BMEN,343,1,
BMEN,486,BMEN,343,1,
BMEN,487,BMEN,343,1,
BMEN,489,BMEN,343,1,
BMEN,489,VTPP,435,2,
BMEN,489,BMEN,480,2,
BUSN,203,MATH,142,1,
BUSN,203,MATH,140,1,
BUSN,208,CSCE,110,1,
BUSN,208,CSCE,120,1,
BUSN,225,BUSN,125,1,
BUSN,225,BUSN,101,1,
CARC,301,CARC,481,1,
CHEM,107,CHEM,117,1,
CHEM,107,MATH,150,2,
CHEM,117,CHEM,107,1,
CHEM,120,CHEM,119,1,
CHEM,120,CHEM,107,1,
CHEM,120,CHEM,117,2,
CHEM,120,CHEM,101,2,
CHEM,120,CHEM,111,3,
CHEM,222,CHEM,101,1,
CHEM,222,CHEM,119,1,
CHEM,222,CHEM,107,1,
CHEM,227,CHEM,102,1,
CHEM,227,CHEM,120,1,
CHEM,228,CHEM,227,1,
CHEM,234,CHEM,228,1,
CHEM,234,CHEM,231,2,
CHEM,234,CHEM,237,2,
CHEM,234,CHEM,257,2,
CHEM,237,CHEM,102,1,
CHEM,237,CHEM,112,2,
CHEM,237,CHEM,120,2,
CHEM,237,CHEM,227,3,
CHEM,242,CHEM,222,1,
CHEM,257,CHEM,102,1,
CHEM,257,CHEM,120,1,
CHEM,258,CHEM,257,1,
CHEM,258,CHEM,227,1,
CHEM,258,CHEM,237,2,
CHEM,315,CHEM,102,1,
CHEM,315,CHEM,120,1,
CHEM,318,CHEM,112,1,
CHEM,318,CHEM,120,1,
CHEM,318,CHEM,315,2,
CHEM,318,CHEM,316,2,
CHEM,322,CHEM,102,1,
CHEM,322,CHEM,120,1,
CHEM,322,CHEN,205,2,
CHEM,322,CHEN,354,3,
CHEM,322,MATH,152,4,
CHEM,322,MATH,172,4,
CHEM,325,CHEM,327,1,
CHEM,326,CHEM,328,1,
CHEM,327,MATH,152,1,
CHEM,327,MATH,172,1,
CHEM,327,PHYS,208,2,
CHEM,327,PHYS,207,2,
CHEM,327,PHYS,218,3,
CHEM,327,PHYS,206,3,
CHEM,328,CHEM,327,1,
CHEM,362,CHEM,102,1,
CHEM,362,CHEM,120,1,
CHEM,415,CHEM,315,1,
CHEM,433,CHEM,362,1,
CHEM,434,CHEM,318,1,
CHEM,434,CHEM,415,2,
CHEM,446,CHEM,228,1,
CHEM,446,CHEM,258,1,
CHEM,483,CHEM,228,1,
CHEM,483,CHEM,258,1,
CHEN,201,ENGR,102,1,
CHEN,201,MATH,151,2,
CHEN,204,CHEM,120,1,
CHEN,204,ENGR,102,2,
CHEN,204,MATH,152,3,
CHEN,204,PHYS,206,4,
CHEN,204,CHEN,201,5,
CHEN,204,ENGR,216,6,
CHEN,204,PHYS,216,6,
CHEN,205,CHEN,201,1,
CHEN,205,CHEN,204,2,
CHEN,304,CHEN,204,1,
CHEN,304,MATH,308,2,
CHEN,304,CHEN,205,3,
CHEN,320,CHEN,205,1,
CHEN,320,MATH,308,2,
CHEN,322,CHEN,204,1,
CHEN,322,CHEN,205,2,
CHEN,322,MATH,251,3,
CHEN,323,CHEN,205,1,
CHEN,323,CHEN,304,2,
CHEN,324,CHEN,323,1,
CHEN,324,CHEN,354,2,
CHEN,354,CHEN,205,1,
CHEN,354,MATH,308,2,
CHEN,364,CHEN,320,1,
CHEN,364,CHEN,323,2,
CHEN,364,CHEN,324,3,
CHEN,374,CHEN,304,1,
CHEN,374,CHEN,354,2,
CHEN,425,CHEN,320,1,
CHEN,425,CHEN,323,2,
CHEN,425,CHEN,354,3,
CHEN,425,CHEN,324,4,
CHEN,425,CHEN,424,4,
CHEN,426,CHEN,322,1,
CHEN,426,CHEN,364,2,
CHEN,426,CHEN,374,3,
CHEN,426,CHEN,425,4,
CHEN,432,CHEN,323,1,
CHEN,432,ENGL,210,2,
CHEN,433,CHEN,324,1,
CHEN,433,CHEN,364,2,
CHEN,433,CHEN,432,3,
CHEN,433,CHEN,461,4,
CHEN,455,CHEN,322,1,
CHEN,461,CHEN,320,1,
CHEN,461,CHEN,364,2,
CHEN,475,CHEN,354,1,
CHEN,475,CHEN,364,2,
CHEN,475,CHEN,464,2,
CHEN,475,CHEM,322,3,
CHEN,478,CHEN,425,1,
CHEN,482,CHEN,205,1,
CHEN,482,CHEN,324,2,
CHEN,482,CHEN,364,3,
CHIN,102,CHIN,101,1,
CHIN,202,CHIN,201,1,
CHIN,302,CHIN,301,1,
CLAS,102,CLAS,101,1,
CLAS,122,CLAS,121,1,
CLAS,222,CLAS,221,1,
CLAS,311,CLAS,211,1,
COMM,302,POLS,206,1,
COMM,308,MATH,140,1,
COMM,308,MATH,142,2,
COMM,308,MATH,140,2,
COMM,308,MATH,151,3,
COMM,308,MATH,140,3,
COMM,308,MATH,152,4,
COMM,308,MATH,140,4,
COMM,308,STAT,201,5,
COMM,308,MATH,140,5,
COMM,308,PHIL,240,6,
COMM,308,MATH,142,6,
COMM,308,MATH,151,7,
COMM,308,MATH,142,7,
COMM,308,MATH,152,8,
COMM,308,MATH,142,8,
COMM,308,STAT,201,9,
COMM,308,MATH,142,9,
COMM,308,PHIL,240,10,
COMM,308,MATH,151,10,
COMM,308,MATH,152,11,
COMM,308,MATH,151,11,
COMM,308,STAT,201,12,
COMM,308,MATH,151,12,
COMM,308,PHIL,240,13,
COMM,308,MATH,152,13,
COMM,308,STAT,201,14,
COMM,308,MATH,152,14,
COMM,308,PHIL,240,15,
COMM,308,STAT,201,15,
COMM,308,PHIL,240,16,
COMM,309,COMM,308,1,
COMM,309,STAT,303,2,
COMM,309,STAT,201,2,
COMM,321,COMM,323,1,
COMM,321,COMM,322,2,
COMM,322,COMM,323,1,
COMM,330,COMM,230,1,
COMM,377,COMM,275,1,
COMM,476,COMM,275,1,
COSC,275,COSC,175,1,
COSC,275,COSC,253,2,
COSC,322,COSC,222,1,
COSC,326,COSC,325,1,
COSC,354,COSC,253,1,
COSC,375,COSC,275,1,
COSC,410,COSC,310,1,
COSC,411,COSC,410,1,
COSC,421,COSC,321,1,
COSC,433,COSC,233,1,
COSC,441,COSC,475,1,
COSC,442,COSC,475,1,
COSC,443,COSC,475,1,
COSC,446,COSC,475,1,
COSC,459,COSC,375,1,
COSC,465,COSC,463,1,
COSC,468,COSC,463,1,
COSC,475,COSC,353,1,
COSC,475,COSC,375,2,
COSC,477,COSC,353,1,
COSC,477,COSC,494,2,
COSC,484,COSC,184,1,
COSC,484,COSC,364,1,
COSC,484,COSC,284,2,
COSC,621,COSC,603,1,
COSC,621,COSC,475,1,
COSC,690,STAT,651,1,
CPSY,688,EPSY,640,1,
CPSY,688,EPSY,641,2,
CSCE,120,ENGR,102,1,
CSCE,120,CSCE,110,1,
CSCE,120,CSCE,111,1,
CSCE,120,CSCE,206,1,
CSCE,120,PHYS,150,1,
CSCE,221,CSCE,120,1,
CSCE,221,CSCE,121,1,
CSCE,221,CSCE,222,2,
CSCE,221,ECEN,222,2,
CSCE,222,MATH,142,1,
CSCE,222,MATH,147,1,
CSCE,222,MATH,151,1,
CSCE,222,MATH,171,1,
CSCE,310,CSCE,221,1,
CSCE,312,CSCE,221,1,
CSCE,313,CSCE,221,1,
CSCE,313,CSCE,312,2,
CSCE,313,CSCE,350,2,
CSCE,313,ECEN,350,2,
CSCE,314,CSCE,221,1,
CSCE,320,STAT,211,1,
CSCE,320,ECEN,303,1,
CSCE,320,STAT,212,2,
CSCE,320,CSCE,222,2,
CSCE,320,MATH,304,3,
CSCE,331,CSCE,313,1,
CSCE,331,CSCE,314,2,
CSCE,331,CSCE,350,2,
CSCE,331,ECEN,350,2,
CSCE,410,CSCE,313,1,
CSCE,410,CSCE,315,2,
CSCE,410,CSCE,331,2,
CSCE,411,CSCE,221,1,
CSCE,411,CSCE,222,2,
CSCE,412,CSCE,315,1,
CSCE,412,CSCE,331,1,
CSCE,413,CSCE,315,1,
CSCE,413,CSCE,331,1,
CSCE,420,CSCE,411,1,
CSCE,421,MATH,304,1,
CSCE,421,MATH,311,1,
CSCE,421,MATH,323,1,
CSCE,421,STAT,211,2,
CSCE,421,STAT,404,3,
CSCE,421,CSCE,221,3,
CSCE,421,ECEN,303,3,
CSCE,421,CSCE,121,4,
CSCE,421,CSCE,120,4,
CSCE,430,CSCE,411,1,
CSCE,431,CSCE,315,1,
CSCE,431,CSCE,331,1,
CSCE,432,CSCE,315,1,
CSCE,432,CSCE,331,1,
CSCE,434,CSCE,315,1,
CSCE,434,CSCE,331,1,
CSCE,435,CSCE,315,1,
CSCE,435,CSCE,331,1,
CSCE,438,CSCE,313,1,
CSCE,441,CSCE,221,1,
CSCE,442,CSCE,221,1,
CSCE,442,MATH,304,2,
CSCE,442,MATH,308,2,
CSCE,443,VIST,386,1,
CSCE,443,CSCE,441,1,
CSCE,445,CSCE,221,1,
CSCE,446,VIST,271,1,
CSCE,446,VIST,272,1,
CSCE,446,CSCE,221,1,
CSCE,446,CSCE,441,1,
CSCE,448,CSCE,315,1,
CSCE,448,CSCE,331,1,
CSCE,448,MATH,304,2,
CSCE,448,MATH,311,2,
CSCE,449,CSCE,221,1,
CSCE,450,CSCE,331,1,
CSCE,450,CSCE,315,1,
CSCE,450,CSCE,441,2,
CSCE,451,CSCE,313,1,
CSCE,452,CSCE,315,1,
CSCE,452,CSCE,331,1,
CSCE,452,MATH,304,2,
CSCE,452,MATH,311,2,
CSCE,462,CSCE,313,1,
CSCE,463,CSCE,313,1,
CSCE,465,CSCE,313,1,
CSCE,465,CSCE,315,2,
CSCE,465,CSCE,331,2,
CSCE,469,ECEN,350,1,
CSCE,469,CSCE,350,1,
CSCE,477,CYBR,201,1,
CSCE,477,CSCE,201,1,
CSCE,477,CSCE,221,1,
CSCE,482,CSCE,411,1,
CSCE,482,CSCE,315,2,
CSCE,482,CSCE,331,2,
CSCE,483,CSCE,315,1,
CSCE,483,CSCE,331,1,
CSCE,483,CSCE,462,2,
CSCE,483,ECEN,449,2,
CSCE,483,ECEN,325,3,
CSCE,489,CSCE,221,1,
CSCE,489,CSCE,313,2,
CULN,305,NUTR,301,1,
CVEN,207,ENGL,103,1,
CVEN,207,ENGL,104,1,
CVEN,221,PHYS,206,1,
CVEN,221,ENGR,216,2,
CVEN,221,PHYS,216,2,
CVEN,221,MATH,251,3,
CVEN,221,MATH,253,3,
CVEN,301,CHEM,107,1,
CVEN,301,CVEN,302,2,
CVEN,301,MATH,308,3,
CVEN,302,ENGR,102,1,
CVEN,302,PHYS,206,2,
CVEN,302,MATH,308,3,
CVEN,303,MATH,151,1,
CVEN,304,CVEN,301,1,
CVEN,304,EVEN,301,1,
CVEN,304,CVEN,311,2,
CVEN,304,EVEN,311,2,
CVEN,305,CVEN,221,1,
CVEN,305,MEEN,221,1,
CVEN,305,MEEN,225,1,
CVEN,306,CVEN,305,1,
CVEN,306,MATH,308,2,
CVEN,306,CHEM,107,3,
CVEN,306,PHYS,207,4,
CVEN,306,ENGR,217,5,
CVEN,306,PHYS,217,5,
CVEN,306,CVEN,221,6,
CVEN,307,PHYS,206,1,
CVEN,307,STAT,211,2,
CVEN,311,MATH,251,1,
CVEN,311,MATH,253,1,
CVEN,311,CVEN,221,2,
CVEN,311,CVEN,302,3,
CVEN,314,CVEN,302,1,
CVEN,315,CVEN,302,1,
CVEN,322,STAT,211,1,
CVEN,322,ENGR,102,2,
CVEN,322,MATH,251,3,
CVEN,339,CVEN,311,1,
CVEN,339,EVEN,311,1,
CVEN,342,CVEN,302,1,
CVEN,342,CVEN,305,2,
CVEN,342,CVEN,306,3,
CVEN,342,ENGL,210,4,
CVEN,342,COMM,205,4,
CVEN,345,CVEN,302,1,
CVEN,345,CVEN,305,2,
CVEN,349,CVEN,322,1,
CVEN,363,CVEN,302,1,
CVEN,363,CVEN,305,2,
CVEN,363,MATH,308,3,
CVEN,365,CVEN,305,1,
CVEN,365,CVEN,302,2,
CVEN,365,ENGL,210,3,
CVEN,365,COMM,205,3,
CVEN,399,CVEN,207,1,
CVEN,399,CVEN,250,2,
CVEN,399,CVEN,303,3,
CVEN,399,CVEN,306,4,
CVEN,399,CVEN,311,5,
CVEN,399,CVEN,322,6,
CVEN,399,CVEN,345,7,
CVEN,399,CVEN,363,8,
CVEN,400,CVEN,303,1,
CVEN,400,CVEN,322,2,
CVEN,400,CVEN,345,3,
CVEN,400,CVEN,399,4,
CVEN,400,CVEN,304,5,
CVEN,400,CVEN,336,5,
CVEN,400,CVEN,342,5,
CVEN,400,CVEN,343,5,
CVEN,400,CVEN,365,5,
CVEN,400,CVEN,402,6,
CVEN,400,CVEN,418,6,
CVEN,400,CVEN,435,6,
CVEN,400,CVEN,444,6,
CVEN,400,CVEN,446,6,
CVEN,400,CVEN,455,6,
CVEN,400,CVEN,457,6,
CVEN,400,CVEN,458,6,
CVEN,400,CVEN,462,6,
CVEN,400,CVEN,465,6,
CVEN,400,CVEN,473,6,
CVEN,402,CVEN,301,1,
CVEN,402,EVEN,301,1,
CVEN,406,CVEN,301,1,
CVEN,406,EVEN,301,1,
CVEN,413,CVEN,301,1,
CVEN,413,EVEN,301,1,
CVEN,418,CVEN,307,1,
CVEN,418,CVEN,342,2,
CVEN,418,CVEN,343,2,
CVEN,423,CVEN,303,1,
CVEN,423,EVEN,339,1,
CVEN,424,CVEN,322,1,
CVEN,424,CVEN,399,2,
CVEN,435,CVEN,365,1,
CVEN,444,CVEN,345,1,
CVEN,444,CVEN,342,2,
CVEN,444,CVEN,343,2,
CVEN,445,CVEN,345,1,
CVEN,445,CVEN,363,2,
CVEN,446,CVEN,345,1,
CVEN,449,CVEN,250,1,
CVEN,449,CVEN,345,2,
CVEN,456,CVEN,307,1,
CVEN,456,CVEN,399,2,
CVEN,456,CVEN,342,3,
CVEN,456,CVEN,343,3,
CVEN,456,CVEN,418,4,
CVEN,456,CVEN,444,4,
CVEN,456,CVEN,457,4,
CVEN,458,CVEN,339,1,
CVEN,458,EVEN,339,1,
CVEN,463,CVEN,339,1,
CVEN,463,EVEN,339,1,
CVEN,473,CVEN,349,1,
CVEN,483,CVEN,365,1,
CVEN,483,CVEN,444,2,
CVEN,483,CVEN,446,3,
CVEN,483,CVEN,399,4,
DAEN,210,STAT,211,1,
DAEN,301,DAEN,300,1,
DAEN,301,ISEN,413,2,
DAEN,301,DAEN,323,3,
DAEN,301,DAEN,328,4,
DAEN,323,DAEN,321,1,
DAEN,328,ISEN,413,1,
DCED,215,KINE,120,1,
DCED,306,DCED,240,1,
DCED,306,DCED,242,1,
DCED,387,DCED,286,1,
DCED,416,DCED,305,1,
ECCB,302,BIOL,111,1,
ECCB,302,BIOL,112,2,
ECCB,302,BIOL,101,2,
ECCB,302,BIOL,107,3,
ECCB,303,RENR,205,1,
ECCB,303,ECCB,205,1,
ECCB,303,BIOL,111,1,
ECCB,303,BIOL,112,1,
ECCB,304,RENR,205,1,
ECCB,304,ECCB,205,1,
ECCB,307,ECCB,205,1,
ECCB,307,RENR,205,1,
ECCB,310,BIOL,111,1,
ECCB,313,BIOL,111,1,
ECCB,313,BIOL,112,2,
ECCB,315,ECCB,302,1,
ECCB,315,WFSC,302,1,
ECCB,315,BIOL,318,1,
ECCB,316,ECCB,315,1,
ECCB,316,WFSC,315,1,
ECCB,400,BIOL,112,1,
ECCB,401,ECCB,302,1,
ECCB,401,WFSC,302,1,
ECCB,401,BIOL,318,1,
ECCB,402,ECCB,302,1,
ECCB,402,WFSC,302,1,
ECCB,402,BIOL,318,1,
ECCB,403,RENR,205,1,
ECCB,403,ECCB,205,1,
ECCB,407,ECCB,351,1,
ECCB,407,ESSM,351,1,
ECCB,430,ECCB,205,1,
ECCB,430,RENR,205,1,
ECCB,430,ESSM,320,2,
ECCB,430,ECCB,320,2,
ECCB,462,BIOL,107,1,
ECCB,462,BIOL,111,1,
ECCB,462,BIOL,357,1,
ECCB,462,ECCB,205,1,
ECCB,462,RENR,205,1,
ECEN,214,PHYS,207,1,
ECEN,214,PHYS,208,1,
ECEN,214,CHEM,107,2,
ECEN,214,CHEM,102,2,
ECEN,214,CHEM,120,2,
ECEN,214,MATH,308,3,
ECEN,215,MATH,251,1,
ECEN,215,MATH,253,1,
ECEN,215,PHYS,207,2,
ECEN,215,PHYS,208,2,
ECEN,248,MATH,152,1,
ECEN,248,PHYS,207,2,
ECEN,248,PHYS,208,2,
ECEN,250,ENGR,102,1,
ECEN,250,MATH,251,2,
ECEN,250,MATH,253,2,
ECEN,303,MATH,251,1,
ECEN,303,MATH,253,1,
ECEN,303,ECEN,248,2,
ECEN,314,ECEN,214,1,
ECEN,314,MATH,308,2,
ECEN,322,ECEN,214,1,
ECEN,322,PHYS,207,2,
ECEN,322,PHYS,208,2,
ECEN,322,MATH,311,3,
ECEN,325,MATH,311,1,
ECEN,325,ECEN,314,2,
ECEN,326,ECEN,314,1,
ECEN,326,ECEN,325,2,
ECEN,333,ECEN,214,1,
ECEN,340,ECEN,214,1,
ECEN,350,ECEN,248,1,
ECEN,360,ENGR,102,1,
ECEN,360,CSCE,110,1,
ECEN,360,CSCE,111,1,
ECEN,360,CSCE,206,1,
ECEN,360,MATH,251,2,
ECEN,360,MATH,253,2,
ECEN,360,STAT,211,2,
ECEN,370,PHYS,222,1,
ECEN,399,ECEN,484,1,
ECEN,399,ECEN,491,1,
ECEN,399,ENGR,484,1,
ECEN,399,ENGR,491,1,
ECEN,399,ENGR,385,1,
ECEN,399,ECEN,403,2,
ECEN,403,COMM,205,1,
ECEN,403,COMM,243,1,
ECEN,403,ENGL,210,1,
ECEN,403,ECEN,314,2,
ECEN,403,ECEN,325,3,
ECEN,403,ECEN,350,4,
ECEN,403,CSCE,350,4,
ECEN,403,ECEN,303,5,
ECEN,403,ECEN,322,6,
ECEN,403,ECEN,370,7,
ECEN,403,CSCE,315,7,
ECEN,403,CSCE,331,7,
ECEN,403,ECEN,303,8,
ECEN,403,STAT,211,8,
ECEN,403,ECEN,449,9,
ECEN,403,CSCE,462,9,
ECEN,404,ECEN,403,1,
ECEN,411,MATH,251,1,
ECEN,411,MATH,253,1,
ECEN,411,PHYS,207,2,
ECEN,411,PHYS,208,2,
ECEN,412,ECEN,314,1,
ECEN,420,ECEN,314,1,
ECEN,420,MATH,308,2,
ECEN,423,MATH,311,1,
ECEN,424,ECEN,303,1,
ECEN,424,STAT,211,1,
ECEN,433,ECEN,370,1,
ECEN,438,ECEN,340,1,
ECEN,441,ECEN,340,1,
ECEN,445,ECEN,322,1,
ECEN,449,ECEN,248,1,
ECEN,454,ECEN,214,1,
ECEN,454,ECEN,248,2,
ECEN,455,ECEN,314,1,
ECEN,455,ECEN,303,2,
ECEN,455,STAT,211,2,
ECEN,460,ECEN,340,1,
ECEN,461,ECEN,325,1,
ECEN,461,ECEN,303,2,
ECEN,461,STAT,211,2,
ECEN,465,ECEN,370,1,
ECEN,467,ECEN,322,1,
ECEN,467,ECEN,370,2,
ECEN,470,ECEN,322,1,
ECEN,470,ECEN,370,2,
ECEN,471,ECEN,325,1,
ECEN,473,ECEN,325,1,
ECEN,473,ECEN,370,2,
ECEN,480,ECEN,322,1,
ECEN,489,ECEN,325,1,
ECEN,689,ECEN,651,1,
ECEN,689,ECEN,676,1,
ECEN,689,CSCE,614,1,
ECEN,689,ECEN,469,1,
ECEN,720,ECEN,474,1,
ECMT,461,MATH,140,1,
ECMT,461,MATH,151,1,
ECMT,461,MATH,171,1,
ECMT,463,ECON,323,1,
ECMT,463,ECMT,461,2,
ECMT,463,STAT,211,2,
ECMT,463,STAT,303,2,
ECON,203,ECON,202,1,
ECON,311,ECON,203,1,
ECON,315,ECON,202,1,
ECON,323,ECON,202,1,
ECON,323,MATH,142,2,
ECON,323,MATH,151,2,
ECON,323,MATH,171,2,
ECON,330,ECON,202,1,
ECON,330,ECON,203,2,
ECON,410,ECON,203,1,
ECON,412,ECON,323,1,
ECON,416,ECON,323,1,
ECON,418,ECON,323,1,
ECON,419,ECON,323,1,
ECON,421,ECON,323,1,
ECON,425,ECON,323,1,
ECON,436,ECON,323,1,
ECON,440,ECON,323,1,
ECON,449,ECON,323,1,
ECON,452,ECON,323,1,
ECON,459,ECON,323,1,
ECON,459,MATH,142,2,
ECON,459,MATH,131,2,
ECON,459,MATH,151,2,
ECON,459,MATH,171,2,
ECON,465,ECON,323,1,
ECON,465,ECON,410,2,
ECON,470,ECON,323,1,
ECON,470,ECMT,461,2,
ECON,470,STAT,211,2,
ECON,470,STAT,303,2,
ECON,656,ECON,630,1,
ECON,656,ECMT,676,2,
EDCI,354,EDCI,353,1,
EDCI,354,TEFB,371,2,
EDCI,358,TEFB,322,1,
EHRD,111,EHRD,101,1,
EHRD,315,EHRD,203,1,
EHRD,315,EHRD,210,2,
EHRD,372,EHRD,203,1,
EHRD,372,EHRD,210,2,
EHRD,374,EHRD,203,1,
EHRD,374,EHRD,210,2,
EHRD,391,EHRD,203,1,
EHRD,391,MATH,140,2,
EHRD,391,MATH,142,3,
EHRD,402,EHRD,371,1,
EHRD,413,EHRD,203,1,
EHRD,413,EHRD,210,2,
EHRD,481,EHRD,203,1,
EHRD,490,EHRD,391,1,
ENGL,303,ENGL,104,1,
ENGL,308,ENGL,202,1,
ENGL,308,ENGL,203,1,
ENGL,308,ENGL,212,1,
ENGL,308,ENGL,206,1,
ENGL,308,ENGL,219,1,
ENGL,308,ENGL,227,1,
ENGL,308,ENGL,228,1,
ENGL,308,ENGL,231,1,
ENGL,308,ENGL,232,1,
ENGL,308,ENGL,204,1,
ENGL,308,AFST,204,1,
ENGL,308,ENGL,205,1,
ENGL,308,AFST,205,1,
ENGL,308,ENGL,221,1,
ENGL,308,MODL,221,1,
ENGL,308,ENGL,222,1,
ENGL,308,MODL,222,1,
ENGL,308,ENGL,303,1,
ENGL,308,ENGL,312,1,
ENGL,308,ENGL,313,1,
ENGL,308,ENGL,314,1,
ENGL,308,ENGL,315,1,
ENGL,308,ENGL,316,1,
ENGL,308,ENGL,317,1,
ENGL,308,ENGL,321,1,
ENGL,308,ENGL,322,1,
ENGL,308,ENGL,323,1,
ENGL,308,ENGL,330,1,
ENGL,308,ENGL,331,1,
ENGL,308,ENGL,334,1,
ENGL,308,ENGL,335,1,
ENGL,308,ENGL,336,1,
ENGL,308,ENGL,337,1,
ENGL,308,ENGL,338,1,
ENGL,308,ENGL,340,1,
ENGL,308,ENGL,350,1,
ENGL,308,ENGL,352,1,
ENGL,308,ENGL,357,1,
ENGL,308,ENGL,360,1,
ENGL,308,ENGL,361,1,
ENGL,308,ENGL,372,1,
ENGL,308,ENGL,373,1,
ENGL,308,ENGL,375,1,
ENGL,308,ENGL,376,1,
ENGL,308,ENGL,377,1,
ENGL,308,ENGL,378,1,
ENGL,308,ENGL,390,1,
ENGL,308,ENGL,391,1,
ENGL,308,ENGL,394,1,
ENGL,308,ENGL,396,1,
ENGL,308,ENGL,356,1,
ENGL,308,FILM,356,1,
ENGL,308,ENGL,365,1,
ENGL,308,RELS,360,1,
ENGL,308,ENGL,392,1,
ENGL,308,RELS,392,1,
ENGL,308,ENGL,329,1,
ENGL,308,AFST,329,1,
ENGL,308,ENGL,339,1,
ENGL,308,AFST,339,1,
ENGL,308,ENGL,379,1,
ENGL,308,AFST,379,1,
ENGL,308,ENGL,393,1,
ENGL,308,AFST,393,1,
ENGL,308,ENGL,333,1,
ENGL,308,WGST,333,1,
ENGL,308,ENGL,374,1,
ENGL,308,WGST,374,1,
ENGL,308,ENGL,362,1,
ENGL,308,HISP,362,1,
ENGL,308,ENGL,305,1,
ENGL,308,ENGL,306,1,
ENGL,308,ENGL,292,1,
ENGL,308,ENGL,343,1,
ENGL,308,ENGL,395,1,
ENGL,313,ENGL,202,1,
ENGL,313,ENGL,203,1,
ENGL,313,ENGL,206,1,
ENGL,313,ENGL,212,1,
ENGL,313,ENGL,219,1,
ENGL,313,ENGL,227,1,
ENGL,313,ENGL,228,1,
ENGL,313,ENGL,231,1,
ENGL,313,ENGL,232,1,
ENGL,313,ENGL,204,1,
ENGL,313,AFST,204,1,
ENGL,313,ENGL,205,1,
ENGL,313,AFST,205,1,
ENGL,313,ENGL,221,1,
ENGL,313,MODL,221,1,
ENGL,313,ENGL,222,1,
ENGL,313,MODL,222,1,
ENGL,313,ENGL,303,1,
ENGL,313,ENGL,312,1,
ENGL,313,ENGL,314,1,
ENGL,313,ENGL,315,1,
ENGL,313,ENGL,316,1,
ENGL,313,ENGL,317,1,
ENGL,313,ENGL,321,1,
ENGL,313,ENGL,322,1,
ENGL,313,ENGL,323,1,
ENGL,313,ENGL,330,1,
ENGL,313,ENGL,331,1,
ENGL,313,ENGL,334,1,
ENGL,313,ENGL,335,1,
ENGL,313,ENGL,336,1,
ENGL,313,ENGL,337,1,
ENGL,313,ENGL,338,1,
ENGL,313,ENGL,340,1,
ENGL,313,ENGL,350,1,
ENGL,313,ENGL,352,1,
ENGL,313,ENGL,357,1,
ENGL,313,ENGL,360,1,
ENGL,313,ENGL,361,1,
ENGL,313,ENGL,372,1,
ENGL,313,ENGL,373,1,
ENGL,313,ENGL,375,1,
ENGL,313,ENGL,376,1,
ENGL,313,ENGL,377,1,
ENGL,313,ENGL,378,1,
ENGL,313,ENGL,390,1,
ENGL,313,ENGL,391,1,
ENGL,313,ENGL,394,1,
ENGL,313,ENGL,396,1,
ENGL,313,ENGL,356,1,
ENGL,313,FILM,356,1,
ENGL,313,ENGL,365,1,
ENGL,313,RELS,360,1,
ENGL,313,ENGL,392,1,
ENGL,313,RELS,392,1,
ENGL,313,ENGL,329,1,
ENGL,313,AFST,329,1,
ENGL,313,ENGL,339,1,
ENGL,313,AFST,339,1,
ENGL,313,ENGL,379,1,
ENGL,313,AFST,379,1,
ENGL,313,ENGL,393,1,
ENGL,313,AFST,393,1,
ENGL,313,ENGL,333,1,
ENGL,313,WGST,333,1,
ENGL,313,ENGL,374,1,
ENGL,313,WGST,374,1,
ENGL,313,ENGL,362,1,
ENGL,313,HISP,362,1,
ENGL,313,ENGL,305,1,
ENGL,313,ENGL,306,1,
ENGL,313,ENGL,292,1,
ENGL,313,ENGL,343,1,
ENGL,313,ENGL,395,1,
ENGL,314,ENGL,203,1,
ENGL,314,ENGL,212,1,
ENGL,314,ENGL,219,1,
ENGL,314,ENGL,227,1,
ENGL,314,ENGL,228,1,
ENGL,314,ENGL,231,1,
ENGL,314,ENGL,232,1,
ENGL,314,ENGL,204,1,
ENGL,314,AFST,204,1,
ENGL,314,ENGL,205,1,
ENGL,314,AFST,205,1,
ENGL,314,ENGL,221,1,
ENGL,314,MODL,221,1,
ENGL,314,ENGL,222,1,
ENGL,314,MODL,222,1,
ENGL,314,ENGL,303,1,
ENGL,314,ENGL,312,1,
ENGL,314,ENGL,313,1,
ENGL,314,ENGL,315,1,
ENGL,314,ENGL,316,1,
ENGL,314,ENGL,317,1,
ENGL,314,ENGL,321,1,
ENGL,314,ENGL,322,1,
ENGL,314,ENGL,323,1,
ENGL,314,ENGL,330,1,
ENGL,314,ENGL,331,1,
ENGL,314,ENGL,334,1,
ENGL,314,ENGL,335,1,
ENGL,314,ENGL,336,1,
ENGL,314,ENGL,337,1,
ENGL,314,ENGL,338,1,
ENGL,314,ENGL,340,1,
ENGL,314,ENGL,350,1,
ENGL,314,ENGL,352,1,
ENGL,314,ENGL,357,1,
ENGL,314,ENGL,360,1,
ENGL,314,ENGL,361,1,
ENGL,314,ENGL,372,1,
ENGL,314,ENGL,373,1,
ENGL,314,ENGL,375,1,
ENGL,314,ENGL,376,1,
ENGL,314,ENGL,377,1,
ENGL,314,ENGL,378,1,
ENGL,314,ENGL,390,1,
ENGL,314,ENGL,391,1,
ENGL,314,ENGL,394,1,
ENGL,314,ENGL,396,1,
ENGL,314,ENGL,365,1,
ENGL,314,RELS,360,1,
ENGL,314,ENGL,392,1,
ENGL,314,RELS,392,1,
ENGL,314,ENGL,329,1,
ENGL,314,AFST,329,1,
ENGL,314,ENGL,379,1,
ENGL,314,AFST,379,1,
ENGL,314,ENGL,393,1,
ENGL,314,AFST,393,1,
ENGL,314,ENGL,333,1,
ENGL,314,WGST,333,1,
ENGL,314,ENGL,374,1,
ENGL,314,WGST,374,1,
ENGL,314,ENGL,362,1,
ENGL,314,ENGL,305,1,
ENGL,314,ENGL,202,1,
ENGL,314,ENGL,206,1,
ENGL,314,ENGL,339,1,
ENGL,314,AFST,339,1,
ENGL,314,HISP,362,1,
ENGL,314,ENGL,306,1,
ENGL,314,ENGL,356,1,
ENGL,314,FILM,356,1,
ENGL,314,ENGL,292,1,
ENGL,314,ENGL,343,1,
ENGL,314,ENGL,395,1,
ENGL,315,ENGL,203,1,
ENGL,315,ENGL,202,1,
ENGL,315,ENGL,206,1,
ENGL,315,ENGL,212,1,
ENGL,315,ENGL,219,1,
ENGL,315,ENGL,227,1,
ENGL,315,ENGL,228,1,
ENGL,315,ENGL,231,1,
ENGL,315,ENGL,232,1,
ENGL,315,ENGL,204,1,
ENGL,315,AFST,204,1,
ENGL,315,ENGL,205,1,
ENGL,315,AFST,205,1,
ENGL,315,ENGL,221,1,
ENGL,315,MODL,221,1,
ENGL,315,ENGL,222,1,
ENGL,315,MODL,222,1,
ENGL,315,ENGL,303,1,
ENGL,315,ENGL,312,1,
ENGL,315,ENGL,313,1,
ENGL,315,ENGL,314,1,
ENGL,315,ENGL,316,1,
ENGL,315,ENGL,317,1,
ENGL,315,ENGL,321,1,
ENGL,315,ENGL,322,1,
ENGL,315,ENGL,323,1,
ENGL,315,ENGL,330,1,
ENGL,315,ENGL,331,1,
ENGL,315,ENGL,334,1,
ENGL,315,ENGL,335,1,
ENGL,315,ENGL,336,1,
ENGL,315,ENGL,337,1,
ENGL,315,ENGL,338,1,
ENGL,315,ENGL,340,1,
ENGL,315,ENGL,350,1,
ENGL,315,ENGL,352,1,
ENGL,315,ENGL,357,1,
ENGL,315,ENGL,360,1,
ENGL,315,ENGL,361,1,
ENGL,315,ENGL,372,1,
ENGL,315,ENGL,373,1,
ENGL,315,ENGL,375,1,
ENGL,315,ENGL,376,1,
ENGL,315,ENGL,377,1,
ENGL,315,ENGL,378,1,
ENGL,315,ENGL,390,1,
ENGL,315,ENGL,391,1,
ENGL,315,ENGL,394,1,
ENGL,315,ENGL,396,1,
ENGL,315,ENGL,356,1,
ENGL,315,FILM,356,1,
ENGL,315,ENGL,365,1,
ENGL,315,RELS,360,1,
ENGL,315,ENGL,392,1,
ENGL,315,RELS,392,1,
ENGL,315,ENGL,329,1,
ENGL,315,AFST,329,1,
ENGL,315,ENGL,339,1,
ENGL,315,AFST,339,1,
ENGL,315,ENGL,379,1,
ENGL,315,AFST,379,1,
ENGL,315,ENGL,393,1,
ENGL,315,AFST,393,1,
ENGL,315,ENGL,333,1,
ENGL,315,WGST,333,1,
ENGL,315,ENGL,374,1,
ENGL,315,WGST,374,1,
ENGL,315,ENGL,362,1,
ENGL,315,HISP,362,1,
ENGL,315,ENGL,305,1,
ENGL,315,ENGL,306,1,
ENGL,315,ENGL,292,1,
ENGL,315,ENGL,343,1,
ENGL,315,ENGL,395,1,
ENGL,317,ENGL,203,1,
ENGL,317,ENGL,212,1,
ENGL,317,ENGL,202,1,
ENGL,317,ENGL,206,1,
ENGL,317,ENGL,219,1,
ENGL,317,ENGL,227,1,
ENGL,317,ENGL,228,1,
ENGL,317,ENGL,231,1,
ENGL,317,ENGL,232,1,
ENGL,317,ENGL,204,1,
ENGL,317,AFST,204,1,
ENGL,317,ENGL,205,1,
ENGL,317,AFST,205,1,
ENGL,317,ENGL,221,1,
ENGL,317,MODL,221,1,
ENGL,317,ENGL,222,1,
ENGL,317,MODL,222,1,
ENGL,317,ENGL,303,1,
ENGL,317,ENGL,312,1,
ENGL,317,ENGL,313,1,
ENGL,317,ENGL,314,1,
ENGL,317,ENGL,315,1,
ENGL,317,ENGL,316,1,
ENGL,317,ENGL,321,1,
ENGL,317,ENGL,322,1,
ENGL,317,ENGL,323,1,
ENGL,317,ENGL,330,1,
ENGL,317,ENGL,331,1,
ENGL,317,ENGL,334,1,
ENGL,317,ENGL,335,1,
ENGL,317,ENGL,336,1,
ENGL,317,ENGL,337,1,
ENGL,317,ENGL,338,1,
ENGL,317,ENGL,340,1,
ENGL,317,ENGL,350,1,
ENGL,317,ENGL,352,1,
ENGL,317,ENGL,357,1,
ENGL,317,ENGL,360,1,
ENGL,317,ENGL,361,1,
ENGL,317,ENGL,372,1,
ENGL,317,ENGL,373,1,
ENGL,317,ENGL,375,1,
ENGL,317,ENGL,376,1,
ENGL,317,ENGL,377,1,
ENGL,317,ENGL,378,1,
ENGL,317,ENGL,390,1,
ENGL,317,ENGL,391,1,
ENGL,317,ENGL,394,1,
ENGL,317,ENGL,396,1,
ENGL,317,ENGL,356,1,
ENGL,317,FILM,356,1,
ENGL,317,ENGL,365,1,
ENGL,317,RELS,360,1,
ENGL,317,ENGL,392,1,
ENGL,317,RELS,392,1,
ENGL,317,ENGL,329,1,
ENGL,317,AFST,329,1,
ENGL,317,ENGL,339,1,
ENGL,317,AFST,339,1,
ENGL,317,ENGL,379,1,
ENGL,317,AFST,379,1,
ENGL,317,ENGL,393,1,
ENGL,317,AFST,393,1,
ENGL,317,ENGL,333,1,
ENGL,317,WGST,333,1,
ENGL,317,ENGL,374,1,
ENGL,317,WGST,374,1,
ENGL,317,ENGL,362,1,
ENGL,317,HISP,362,1,
ENGL,317,ENGL,305,1,
ENGL,317,ENGL,306,1,
ENGL,317,ENGL,292,1,
ENGL,317,ENGL,343,1,
ENGL,317,ENGL,395,1,
ENGL,320,ENGL,210,1,
ENGL,322,ENGL,203,1,
ENGL,322,ENGL,202,1,
ENGL,322,ENGL,206,1,
ENGL,322,ENGL,212,1,
ENGL,322,ENGL,219,1,
ENGL,322,ENGL,227,1,
ENGL,322,ENGL,228,1,
ENGL,322,ENGL,231,1,
ENGL,322,ENGL,232,1,
ENGL,322,ENGL,204,1,
ENGL,322,AFST,204,1,
ENGL,322,ENGL,205,1,
ENGL,322,AFST,205,1,
ENGL,322,ENGL,221,1,
ENGL,322,MODL,221,1,
ENGL,322,ENGL,222,1,
ENGL,322,MODL,222,1,
ENGL,322,ENGL,303,1,
ENGL,322,ENGL,312,1,
ENGL,322,ENGL,313,1,
ENGL,322,ENGL,314,1,
ENGL,322,ENGL,315,1,
ENGL,322,ENGL,316,1,
ENGL,322,ENGL,317,1,
ENGL,322,ENGL,321,1,
ENGL,322,ENGL,323,1,
ENGL,322,ENGL,330,1,
ENGL,322,ENGL,331,1,
ENGL,322,ENGL,334,1,
ENGL,322,ENGL,335,1,
ENGL,322,ENGL,336,1,
ENGL,322,ENGL,337,1,
ENGL,322,ENGL,338,1,
ENGL,322,ENGL,340,1,
ENGL,322,ENGL,350,1,
ENGL,322,ENGL,352,1,
ENGL,322,ENGL,357,1,
ENGL,322,ENGL,360,1,
ENGL,322,ENGL,361,1,
ENGL,322,ENGL,372,1,
ENGL,322,ENGL,373,1,
ENGL,322,ENGL,375,1,
ENGL,322,ENGL,376,1,
ENGL,322,ENGL,377,1,
ENGL,322,ENGL,378,1,
ENGL,322,ENGL,390,1,
ENGL,322,ENGL,391,1,
ENGL,322,ENGL,394,1,
ENGL,322,ENGL,396,1,
ENGL,322,ENGL,356,1,
ENGL,322,FILM,356,1,
ENGL,322,ENGL,365,1,
ENGL,322,RELS,360,1,
ENGL,322,ENGL,392,1,
ENGL,322,RELS,392,1,
ENGL,322,ENGL,329,1,
ENGL,322,AFST,329,1,
ENGL,322,ENGL,339,1,
ENGL,322,AFST,339,1,
ENGL,322,ENGL,379,1,
ENGL,322,AFST,379,1,
ENGL,322,ENGL,393,1,
ENGL,322,AFST,393,1,
ENGL,322,ENGL,333,1,
ENGL,322,WGST,333,1,
ENGL,322,ENGL,374,1,
ENGL,322,WGST,374,1,
ENGL,322,ENGL,362,1,
ENGL,322,HISP,362,1,
ENGL,322,ENGL,305,1,
ENGL,322,ENGL,306,1,
ENGL,322,ENGL,292,1,
ENGL,322,ENGL,343,1,
ENGL,322,ENGL,395,1,
ENGL,345,ENGL,235,1,
ENGL,348,ENGL,235,1,
ENGL,351,ENGL,251,1,
ENGL,351,FILM,251,1,
ENGL,351,FILM,301,1,
ENGL,373,ENGL,203,1,
ENGL,373,ENGL,206,1,
ENGL,373,ENGL,202,1,
ENGL,373,ENGL,212,1,
ENGL,373,ENGL,219,1,
ENGL,373,ENGL,227,1,
ENGL,373,ENGL,228,1,
ENGL,373,ENGL,231,1,
ENGL,373,ENGL,232,1,
ENGL,373,ENGL,204,1,
ENGL,373,AFST,204,1,
ENGL,373,ENGL,205,1,
ENGL,373,AFST,205,1,
ENGL,373,ENGL,221,1,
ENGL,373,MODL,221,1,
ENGL,373,ENGL,222,1,
ENGL,373,MODL,222,1,
ENGL,373,ENGL,303,1,
ENGL,373,ENGL,312,1,
ENGL,373,ENGL,313,1,
ENGL,373,ENGL,314,1,
ENGL,373,ENGL,315,1,
ENGL,373,ENGL,316,1,
ENGL,373,ENGL,317,1,
ENGL,373,ENGL,321,1,
ENGL,373,ENGL,322,1,
ENGL,373,ENGL,323,1,
ENGL,373,ENGL,330,1,
ENGL,373,ENGL,331,1,
ENGL,373,ENGL,334,1,
ENGL,373,ENGL,335,1,
ENGL,373,ENGL,336,1,
ENGL,373,ENGL,337,1,
ENGL,373,ENGL,338,1,
ENGL,373,ENGL,340,1,
ENGL,373,ENGL,350,1,
ENGL,373,ENGL,352,1,
ENGL,373,ENGL,357,1,
ENGL,373,ENGL,360,1,
ENGL,373,ENGL,361,1,
ENGL,373,ENGL,372,1,
ENGL,373,ENGL,375,1,
ENGL,373,ENGL,376,1,
ENGL,373,ENGL,377,1,
ENGL,373,ENGL,378,1,
ENGL,373,ENGL,390,1,
ENGL,373,ENGL,391,1,
ENGL,373,ENGL,394,1,
ENGL,373,ENGL,396,1,
ENGL,373,ENGL,356,1,
ENGL,373,FILM,356,1,
ENGL,373,ENGL,365,1,
ENGL,373,RELS,360,1,
ENGL,373,ENGL,392,1,
ENGL,373,RELS,392,1,
ENGL,373,ENGL,329,1,
ENGL,373,AFST,329,1,
ENGL,373,ENGL,339,1,
ENGL,373,AFST,339,1,
ENGL,373,ENGL,379,1,
ENGL,373,AFST,379,1,
ENGL,373,ENGL,393,1,
ENGL,373,AFST,393,1,
ENGL,373,ENGL,333,1,
ENGL,373,WGST,333,1,
ENGL,373,ENGL,374,1,
ENGL,373,WGST,374,1,
ENGL,373,ENGL,362,1,
ENGL,373,HISP,362,1,
ENGL,373,ENGL,305,1,
ENGL,373,ENGL,306,1,
ENGL,373,ENGL,292,1,
ENGL,373,ENGL,343,1,
ENGL,373,ENGL,395,1,
ENGL,377,ENGL,203,1,
ENGL,377,ENGL,202,1,
ENGL,377,ENGL,206,1,
ENGL,377,ENGL,212,1,
ENGL,377,ENGL,219,1,
ENGL,377,ENGL,227,1,
ENGL,377,ENGL,228,1,
ENGL,377,ENGL,231,1,
ENGL,377,ENGL,232,1,
ENGL,377,ENGL,204,1,
ENGL,377,AFST,204,1,
ENGL,377,ENGL,221,1,
ENGL,377,MODL,221,1,
ENGL,377,ENGL,222,1,
ENGL,377,MODL,222,1,
ENGL,377,ENGL,303,1,
ENGL,377,ENGL,312,1,
ENGL,377,ENGL,313,1,
ENGL,377,ENGL,314,1,
ENGL,377,ENGL,315,1,
ENGL,377,ENGL,316,1,
ENGL,377,ENGL,317,1,
ENGL,377,ENGL,321,1,
ENGL,377,ENGL,322,1,
ENGL,377,ENGL,323,1,
ENGL,377,ENGL,330,1,
ENGL,377,ENGL,331,1,
ENGL,377,ENGL,334,1,
ENGL,377,ENGL,335,1,
ENGL,377,ENGL,336,1,
ENGL,377,ENGL,337,1,
ENGL,377,ENGL,338,1,
ENGL,377,ENGL,340,1,
ENGL,377,ENGL,350,1,
ENGL,377,ENGL,352,1,
ENGL,377,ENGL,357,1,
ENGL,377,ENGL,360,1,
ENGL,377,ENGL,361,1,
ENGL,377,ENGL,372,1,
ENGL,377,ENGL,373,1,
ENGL,377,ENGL,375,1,
ENGL,377,ENGL,376,1,
ENGL,377,ENGL,378,1,
ENGL,377,ENGL,390,1,
ENGL,377,ENGL,391,1,
ENGL,377,ENGL,394,1,
ENGL,377,ENGL,396,1,
ENGL,377,ENGL,356,1,
ENGL,377,FILM,356,1,
ENGL,377,ENGL,365,1,
ENGL,377,RELS,360,1,
ENGL,377,ENGL,392,1,
ENGL,377,RELS,392,1,
ENGL,377,ENGL,329,1,
ENGL,377,AFST,329,1,
ENGL,377,ENGL,379,1,
ENGL,377,AFST,379,1,
ENGL,377,ENGL,393,1,
ENGL,377,AFST,393,1,
ENGL,377,ENGL,333,1,
ENGL,377,WGST,333,1,
ENGL,377,ENGL,374,1,
ENGL,377,WGST,374,1,
ENGL,377,ENGL,362,1,
ENGL,377,HISP,362,1,
ENGL,377,ENGL,305,1,
ENGL,377,ENGL,205,1,
ENGL,377,AFST,205,1,
ENGL,377,ENGL,339,1,
ENGL,377,AFST,339,1,
ENGL,377,ENGL,306,1,
ENGL,377,ENGL,292,1,
ENGL,377,ENGL,343,1,
ENGL,377,ENGL,395,1,
ENGL,395,ENGL,292,1,
ENGL,395,ENGL,202,1,
ENGL,395,ENGL,203,1,
ENGL,395,ENGL,204,1,
ENGL,395,AFST,204,1,
ENGL,395,ENGL,205,1,
ENGL,395,AFST,205,1,
ENGL,395,ENGL,206,1,
ENGL,395,ENGL,212,1,
ENGL,395,ENGL,219,1,
ENGL,395,ENGL,221,1,
ENGL,395,MODL,221,1,
ENGL,395,ENGL,222,1,
ENGL,395,MODL,222,1,
ENGL,395,ENGL,227,1,
ENGL,395,ENGL,228,1,
ENGL,395,ENGL,231,1,
ENGL,395,ENGL,232,1,
ENGL,395,ENGL,303,1,
ENGL,395,ENGL,305,1,
ENGL,395,ENGL,306,1,
ENGL,395,ENGL,313,1,
ENGL,395,ENGL,314,1,
ENGL,395,ENGL,315,1,
ENGL,395,ENGL,316,1,
ENGL,395,ENGL,317,1,
ENGL,395,ENGL,318,1,
ENGL,395,ENGL,321,1,
ENGL,395,ENGL,322,1,
ENGL,395,ENGL,323,1,
ENGL,395,ENGL,324,1,
ENGL,395,FILM,324,1,
ENGL,395,ENGL,329,1,
ENGL,395,AFST,329,1,
ENGL,395,ENGL,330,1,
ENGL,395,ENGL,331,1,
ENGL,395,ENGL,333,1,
ENGL,395,WGST,333,1,
ENGL,395,ENGL,334,1,
ENGL,395,ENGL,335,1,
ENGL,395,ENGL,336,1,
ENGL,395,ENGL,337,1,
ENGL,395,ENGL,338,1,
ENGL,395,ENGL,339,1,
ENGL,395,AFST,339,1,
ENGL,395,ENGL,340,1,
ENGL,395,ENGL,343,1,
ENGL,395,ENGL,350,1,
ENGL,395,ENGL,352,1,
ENGL,395,ENGL,356,1,
ENGL,395,FILM,356,1,
ENGL,395,ENGL,357,1,
ENGL,395,ENGL,360,1,
ENGL,395,ENGL,361,1,
ENGL,395,ENGL,362,1,
ENGL,395,HISP,362,1,
ENGL,395,ENGL,365,1,
ENGL,395,RELS,360,1,
ENGL,395,ENGL,372,1,
ENGL,395,ENGL,373,1,
ENGL,395,ENGL,374,1,
ENGL,395,WGST,374,1,
ENGL,395,ENGL,375,1,
ENGL,395,ENGL,376,1,
ENGL,395,ENGL,377,1,
ENGL,395,ENGL,378,1,
ENGL,395,ENGL,379,1,
ENGL,395,AFST,379,1,
ENGL,395,ENGL,390,1,
ENGL,395,ENGL,391,1,
ENGL,395,ENGL,392,1,
ENGL,395,RELS,392,1,
ENGL,395,ENGL,393,1,
ENGL,395,AFST,393,1,
ENGL,395,ENGL,394,1,
ENGL,395,ENGL,396,1,
ENGL,395,ENGL,412,1,
ENGL,395,ENGL,414,1,
ENGL,395,ENGL,415,1,
ENGL,395,ENGL,431,1,
ENGL,395,ENGL,474,1,
ENGL,395,WGST,474,1,
ENGL,412,ENGL,312,1,
ENGL,412,ENGL,313,1,
ENGL,412,ENGL,314,1,
ENGL,412,ENGL,315,1,
ENGL,412,ENGL,316,1,
ENGL,412,ENGL,317,1,
ENGL,412,ENGL,321,1,
ENGL,412,ENGL,322,1,
ENGL,412,ENGL,323,1,
ENGL,412,ENGL,330,1,
ENGL,412,ENGL,331,1,
ENGL,412,ENGL,334,1,
ENGL,412,ENGL,335,1,
ENGL,412,ENGL,336,1,
ENGL,412,ENGL,337,1,
ENGL,412,ENGL,338,1,
ENGL,412,ENGL,340,1,
ENGL,412,ENGL,350,1,
ENGL,412,ENGL,352,1,
ENGL,412,ENGL,357,1,
ENGL,412,ENGL,360,1,
ENGL,412,ENGL,361,1,
ENGL,412,ENGL,372,1,
ENGL,412,ENGL,373,1,
ENGL,412,ENGL,375,1,
ENGL,412,ENGL,376,1,
ENGL,412,ENGL,377,1,
ENGL,412,ENGL,378,1,
ENGL,412,ENGL,390,1,
ENGL,412,ENGL,391,1,
ENGL,412,ENGL,394,1,
ENGL,412,ENGL,396,1,
ENGL,412,ENGL,356,1,
ENGL,412,FILM,356,1,
ENGL,412,ENGL,365,1,
ENGL,412,RELS,360,1,
ENGL,412,ENGL,392,1,
ENGL,412,RELS,392,1,
ENGL,412,ENGL,329,1,
ENGL,412,AFST,329,1,
ENGL,412,ENGL,339,1,
ENGL,412,AFST,339,1,
ENGL,412,ENGL,379,1,
ENGL,412,AFST,379,1,
ENGL,412,ENGL,393,1,
ENGL,412,AFST,393,1,
ENGL,412,ENGL,333,1,
ENGL,412,WGST,333,1,
ENGL,412,ENGL,374,1,
ENGL,412,WGST,374,1,
ENGL,412,ENGL,362,1,
ENGL,412,HISP,362,1,
ENGL,412,ENGL,303,1,
ENGL,412,ENGL,305,1,
ENGL,412,ENGL,306,1,
ENGL,412,ENGL,343,1,
ENGL,412,ENGL,395,1,
ENGL,434,ENGL,303,1,
ENGL,434,ENGL,305,1,
ENGL,434,ENGL,306,1,
ENGL,434,ENGL,313,1,
ENGL,434,ENGL,314,1,
ENGL,434,ENGL,315,1,
ENGL,434,ENGL,316,1,
ENGL,434,ENGL,317,1,
ENGL,434,ENGL,318,1,
ENGL,434,ENGL,321,1,
ENGL,434,ENGL,322,1,
ENGL,434,ENGL,323,1,
ENGL,434,ENGL,324,1,
ENGL,434,ENGL,329,1,
ENGL,434,ENGL,330,1,
ENGL,434,ENGL,331,1,
ENGL,434,ENGL,333,1,
ENGL,434,ENGL,334,1,
ENGL,434,ENGL,335,1,
ENGL,434,ENGL,336,1,
ENGL,434,ENGL,337,1,
ENGL,434,ENGL,338,1,
ENGL,434,ENGL,339,1,
ENGL,434,ENGL,340,1,
ENGL,434,ENGL,343,1,
ENGL,434,ENGL,350,1,
ENGL,434,ENGL,352,1,
ENGL,434,ENGL,356,1,
ENGL,434,ENGL,360,1,
ENGL,434,ENGL,361,1,
ENGL,434,ENGL,362,1,
ENGL,434,ENGL,365,1,
ENGL,434,ENGL,372,1,
ENGL,434,ENGL,373,1,
ENGL,434,ENGL,374,1,
ENGL,434,ENGL,375,1,
ENGL,434,ENGL,376,1,
ENGL,434,ENGL,377,1,
ENGL,434,ENGL,378,1,
ENGL,434,ENGL,379,1,
ENGL,434,ENGL,390,1,
ENGL,434,ENGL,391,1,
ENGL,434,ENGL,392,1,
ENGL,434,ENGL,393,1,
ENGL,434,ENGL,394,1,
ENGL,434,ENGL,395,1,
ENGL,434,ENGL,396,1,
ENGL,434,ENGL,412,1,
ENGL,434,ENGL,415,1,
ENGL,434,ENGL,431,1,
ENGL,434,ENGL,474,1,
ENGL,434,ENGL,481,1,
ENGL,434,ENGL,482,1,
ENGL,435,ENGL,345,1,
ENGL,435,ENGL,347,1,
ENGL,435,ENGL,348,1,
ENGL,435,ENGL,358,1,
ENGL,435,ENGL,359,1,
ENGL,435,ENGL,385,1,
ENGL,435,ENGL,386,1,
ENGL,460,ENGL,210,1,
ENGL,474,ENGL,312,1,
ENGL,474,ENGL,303,1,
ENGL,474,ENGL,313,1,
ENGL,474,ENGL,314,1,
ENGL,474,ENGL,315,1,
ENGL,474,ENGL,316,1,
ENGL,474,ENGL,317,1,
ENGL,474,ENGL,321,1,
ENGL,474,ENGL,322,1,
ENGL,474,ENGL,323,1,
ENGL,474,ENGL,330,1,
ENGL,474,ENGL,331,1,
ENGL,474,ENGL,334,1,
ENGL,474,ENGL,335,1,
ENGL,474,ENGL,336,1,
ENGL,474,ENGL,337,1,
ENGL,474,ENGL,338,1,
ENGL,474,ENGL,340,1,
ENGL,474,ENGL,350,1,
ENGL,474,ENGL,352,1,
ENGL,474,ENGL,357,1,
ENGL,474,ENGL,360,1,
ENGL,474,ENGL,361,1,
ENGL,474,ENGL,372,1,
ENGL,474,ENGL,373,1,
ENGL,474,ENGL,375,1,
ENGL,474,ENGL,376,1,
ENGL,474,ENGL,377,1,
ENGL,474,ENGL,378,1,
ENGL,474,ENGL,390,1,
ENGL,474,ENGL,391,1,
ENGL,474,ENGL,394,1,
ENGL,474,ENGL,396,1,
ENGL,474,ENGL,356,1,
ENGL,474,FILM,356,1,
ENGL,474,ENGL,365,1,
ENGL,474,RELS,360,1,
ENGL,474,ENGL,392,1,
ENGL,474,RELS,392,1,
ENGL,474,ENGL,329,1,
ENGL,474,AFST,329,1,
ENGL,474,ENGL,339,1,
ENGL,474,AFST,339,1,
ENGL,474,ENGL,379,1,
ENGL,474,AFST,379,1,
ENGL,474,ENGL,393,1,
ENGL,474,AFST,393,1,
ENGL,474,ENGL,333,1,
ENGL,474,WGST,333,1,
ENGL,474,ENGL,374,1,
ENGL,474,WGST,374,1,
ENGL,474,ENGL,362,1,
ENGL,474,HISP,362,1,
ENGL,474,ENGL,305,1,
ENGL,474,ENGL,306,1,
ENGL,474,ENGL,343,1,
ENGL,474,ENGL,395,1,
ENGL,481,ENGL,303,1,
ENGR,102,MATH,151,1,
ENGR,102,MATH,150,1,
ENGR,216,MATH,151,1,
ENGR,216,MATH,171,1,
ENGR,216,ENGR,102,2,
ENGR,216,PHYS,206,3,
ENGR,217,MATH,152,1,
ENGR,217,MATH,172,1,
ENGR,217,PHYS,206,2,
ENGR,217,PHYS,216,3,
ENGR,217,ENGR,216,3,
ENGR,217,PHYS,207,4,
ENGR,251,ENGR,102,1,
ENGR,251,ENGR,216,2,
ENGR,251,PHYS,216,2,
ENGR,351,ENGR,350,1,
ENGR,451,ENGR,450,1,
ENTC,399,ESET,350,1,
ENTC,399,MMET,376,1,
ENTC,399,IDIS,343,1,
ENTC,652,MMET,181,1,
ENTC,652,MMET,206,2,
ENTC,652,MMET,207,3,
ENTO,102,ENTO,101,1,
ENTO,208,ENTO,209,1,
ENTO,209,ENTO,208,1,
ENTO,301,ENTO,201,1,
ENTO,301,ENTO,208,1,
ENTO,301,ENTO,209,2,
ENTO,301,BIOL,111,3,
ENTO,301,BIOL,112,4,
ENTO,321,ENTO,320,1,
ENTO,401,ENTO,201,1,
ENTO,401,ENTO,208,1,
ENTO,401,ENTO,209,2,
ENTO,402,ENTO,201,1,
ENTO,423,BIOL,111,1,
ENTO,423,ENTO,427,2,
ENTO,424,ENTO,201,1,
ENTO,424,ENTO,208,1,
ENTO,424,ENTO,209,2,
ENTO,424,BIOL,111,3,
ENTO,425,ENTO,208,1,
ENTO,425,ENTO,209,2,
ENTO,425,ENTO,423,3,
ENTO,427,BIOL,111,1,
ENTO,427,ENTO,423,2,
ENTO,435,ENTO,201,1,
ENTO,435,ENTO,208,1,
ENTO,435,ENTO,209,2,
ENTO,435,ENTO,482,3,
ENTO,482,ENTO,201,1,
ENTO,482,ENTO,208,1,
ENTO,482,ENTO,209,2,
ENTO,635,ENTO,618,1,
EPSY,609,EPSY,608,1,
EPSY,625,EPSY,640,1,
EPSY,627,EPSY,622,1,
EPSY,631,EPSY,635,1,
EPSY,640,EPSY,636,1,
EPSY,640,RPTS,614,1,
EPSY,640,HMGT,614,1,
EPSY,640,SPMT,690,1,
EPSY,640,KINE,690,1,
EPSY,640,HLTH,690,1,
EPSY,641,EPSY,640,1,
ESET,210,MATH,151,1,
ESET,211,MATH,152,1,
ESET,211,ESET,210,2,
ESET,211,ENTC,210,2,
ESET,269,ENTC,219,1,
ESET,269,ESET,219,1,
ESET,300,PHYS,207,1,
ESET,300,PHYS,208,1,
ESET,300,PHYS,219,1,
ESET,300,ENGR,217,2,
ESET,300,PHYS,217,2,
ESET,300,PHYS,208,2,
ESET,300,PHYS,219,2,
ESET,315,ESET,219,1,
ESET,315,ENTC,219,1,
ESET,319,ENGL,104,1,
ESET,319,ENGL,103,1,
ESET,329,ESET,210,1,
ESET,329,ENTC,210,1,
ESET,329,MATH,152,2,
ESET,333,ENGR,217,1,
ESET,333,ENGR,112,1,
ESET,333,PHYS,217,1,
ESET,349,ESET,219,1,
ESET,349,ENTC,219,1,
ESET,349,ESET,269,2,
ESET,349,ENTC,269,2,
ESET,350,MATH,152,1,
ESET,350,ENGL,104,2,
ESET,350,ENGL,103,2,
ESET,350,ESET,210,3,
ESET,350,ENTC,210,3,
ESET,350,CHEM,107,4,
ESET,350,CHEM,117,5,
ESET,350,CHEM,102,5,
ESET,350,CHEM,112,6,
ESET,350,CHEM,120,6,
ESET,350,PHYS,206,7,
ESET,350,ENGR,216,8,
ESET,350,PHYS,216,8,
ESET,350,PHYS,218,8,
ESET,352,ESET,329,1,
ESET,352,ENTC,329,1,
ESET,352,ESET,350,2,
ESET,352,ENTC,350,2,
ESET,355,ESET,211,1,
ESET,355,ENTC,211,1,
ESET,355,PHYS,207,2,
ESET,355,PHYS,208,2,
ESET,355,PHYS,219,2,
ESET,355,ENGR,217,3,
ESET,355,PHYS,217,3,
ESET,355,PHYS,208,3,
ESET,355,PHYS,219,3,
ESET,359,ESET,349,1,
ESET,359,ENTC,349,1,
ESET,359,ESET,350,2,
ESET,359,ENTC,350,2,
ESET,359,ENGL,104,3,
ESET,359,ENGL,103,3,
ESET,369,ESET,349,1,
ESET,369,ENTC,349,1,
ESET,400,ESET,300,1,
ESET,400,IDIS,300,1,
ESET,419,ESET,319,1,
ESET,419,MXET,300,1,
ESET,419,ESET,333,2,
ESET,419,MMET,361,2,
ESET,419,ESET,369,3,
ESET,420,ESET,419,1,
ESET,420,ENTC,419,1,
ESET,420,ESET,352,2,
ESET,420,ESET,415,3,
ESET,420,ESET,455,4,
ESET,420,ESET,462,5,
ESET,420,ENTC,399,6,
ESET,453,ESET,352,1,
ESET,455,ESET,315,1,
ESET,455,ENTC,315,1,
ESET,455,ESET,355,2,
ESET,455,ENTC,355,2,
ESET,462,ESET,359,1,
ESET,462,ENTC,359,1,
ESET,462,ESET,369,2,
ESET,462,ENTC,369,2,
ESET,469,ESET,369,1,
EVEN,401,EVEN,400,1,
EVEN,404,EVEN,304,1,
EVEN,404,CVEN,301,2,
EVEN,404,EVEN,301,2,
EVEN,404,CVEN,402,3,
EVEN,404,EVEN,402,3,
EVEN,404,EVEN,320,4,
FILM,481,FILM,251,1,
FILM,481,FILM,299,1,
FINC,341,ACCT,229,1,
FINC,351,ACCT,327,1,
FINC,351,FINC,210,2,
FINC,351,FINC,341,3,
FINC,351,BUSN,203,4,
FINC,351,SCMT,303,4,
FINC,351,STAT,301,4,
FINC,351,STAT,302,4,
FINC,351,STAT,303,4,
FINC,361,ACCT,327,1,
FINC,361,FINC,210,2,
FINC,361,FINC,341,3,
FINC,361,BUSN,203,4,
FINC,361,SCMT,303,4,
FINC,361,STAT,301,4,
FINC,361,STAT,302,4,
FINC,361,STAT,303,4,
FINC,368,FINC,341,1,
FINC,381,FINC,341,1,
FINC,425,FINC,421,1,
FINC,425,FINC,351,1,
FINC,425,FINC,434,2,
FINC,425,FINC,361,2,
FINC,425,ACCT,328,3,
FINC,427,FINC,341,1,
FINC,427,FINC,409,1,
FINC,428,FINC,421,1,
FINC,428,FINC,351,1,
FINC,428,FINC,434,2,
FINC,428,FINC,361,2,
FINC,428,ACCT,328,3,
FINC,436,FINC,351,1,
FINC,436,FINC,361,2,
FINC,436,ACCT,328,3,
FINC,440,FINC,351,1,
FINC,440,FINC,361,2,
FINC,440,FINC,381,3,
FINC,443,FINC,421,1,
FINC,443,FINC,351,1,
FINC,443,FINC,434,2,
FINC,443,FINC,361,2,
FINC,443,ACCT,328,3,
FINC,446,FINC,351,1,
FINC,446,FINC,361,2,
FINC,448,FINC,351,1,
FINC,448,FINC,421,1,
FINC,448,FINC,361,2,
FINC,448,FINC,434,2,
FINC,449,FINC,351,1,
FINC,449,FINC,361,2,
FINC,449,ACCT,328,3,
FINC,462,FINC,381,1,
FINC,466,FINC,421,1,
FINC,466,FINC,351,1,
FINC,466,FINC,434,2,
FINC,466,FINC,361,2,
FINC,472,FINC,351,1,
FINC,472,FINC,361,2,
FINC,472,ACCT,328,3,
FINP,435,AGEC,330,1,
FINP,435,FINC,409,1,
FINP,435,FINC,341,1,
FINP,436,AGLS,435,1,
FINP,436,AGEC,435,1,
FINP,436,FINP,435,1,
FINP,438,AGLS,435,1,
FINP,438,AGEC,435,1,
FINP,438,FINP,435,1,
FINP,439,AGLS,435,1,
FINP,439,AGEC,435,1,
FINP,439,FINP,435,1,
FINP,439,AGEC,330,1,
FINP,439,FINC,409,1,
FINP,439,FINC,341,1,
FINP,441,AGLS,435,1,
FINP,441,AGEC,435,1,
FINP,441,FINP,435,1,
FINP,441,AGLS,436,2,
FINP,441,AGEC,436,2,
FINP,441,FINP,436,2,
FINP,441,AGLS,437,3,
FINP,441,AGEC,437,3,
FINP,441,FINP,437,3,
FINP,441,AGLS,438,4,
FINP,441,AGEC,438,4,
FINP,441,FINP,438,4,
FINP,441,AGLS,439,5,
FINP,441,AGEC,439,5,
FINP,441,FINP,439,5,
FINP,442,AGLS,435,1,
FINP,442,FINP,435,1,
FINP,443,AGLS,435,1,
FINP,443,FINP,435,1,
FINP,443,AGLS,438,2,
FINP,443,FINP,438,2,
FIVS,102,FIVS,101,1,
FIVS,210,FIVS,205,1,
FIVS,215,FIVS,205,1,
FIVS,220,FIVS,210,1,
FIVS,282,FIVS,205,1,
FIVS,308,BIOL,112,1,
FIVS,401,FIVS,482,1,
FIVS,401,FIVS,282,1,
FIVS,415,FIVS,205,1,
FIVS,415,FIVS,481,2,
FIVS,415,FIVS,431,3,
FIVS,415,FIVS,432,4,
FIVS,415,FIVS,435,5,
FIVS,420,FIVS,308,1,
FIVS,422,FIVS,205,1,
FIVS,440,FIVS,308,1,
FORS,604,NURS,601,1,
FORS,604,FORS,601,1,
FREN,102,FREN,101,1,
FREN,201,FREN,102,1,
FREN,202,FREN,201,1,
FREN,306,FREN,202,1,
FREN,306,FREN,222,1,
FREN,336,FREN,202,1,
FREN,336,FREN,222,1,
FREN,375,FREN,202,1,
FSTC,312,FSTC,201,1,
FSTC,312,NFSC,201,1,
FSTC,312,CHEM,227,2,
FSTC,312,CHEM,237,3,
FSTC,313,FSTC,201,1,
FSTC,313,NFSC,201,1,
FSTC,313,CHEM,227,2,
FSTC,313,CHEM,237,3,
FSTC,401,FSTC,201,1,
FSTC,401,NFSC,201,1,
FSTC,401,FSTC,311,1,
FSTC,401,NFSC,311,1,
FSTC,401,FSTC,312,1,
FSTC,401,NFSC,312,1,
FSTC,401,FSTC,313,1,
FSTC,401,NFSC,313,1,
FSTC,401,FSTC,314,1,
FSTC,401,NFSC,314,1,
FSTC,401,FSTC,315,1,
FSTC,401,NFSC,315,1,
FSTC,401,FSTC,326,1,
FSTC,401,NFSC,326,1,
FSTC,444,FSTC,201,1,
FSTC,444,NFSC,201,1,
GENE,301,BIOL,111,1,
GENE,302,BIOL,112,1,
GENE,302,GENE,314,2,
GENE,312,GENE,301,1,
GENE,314,GENE,302,1,
GENE,314,GENE,303,1,
GENE,411,FINC,351,1,
GENE,411,FINC,361,2,
GENE,411,ACCT,328,3,
GEOG,312,STAT,303,1,
GEOG,324,GEOG,203,1,
GEOG,324,ATMO,201,1,
GEOG,331,GEOL,101,1,
GEOG,331,GEOG,203,1,
GEOG,380,GEOG,330,1,
GEOG,395,GEOG,390,1,
GEOG,409,GEOG,330,1,
GEOG,409,GEOG,309,1,
GEOG,430,GEOG,201,1,
GEOG,430,GEOG,202,1,
GEOG,461,GEOG,361,1,
GEOG,475,GEOG,390,1,
GEOG,478,GEOG,390,1,
GEOG,661,GEOG,651,1,
GEOG,662,GEOG,660,1,
GEOG,663,GEOG,660,1,
GEOL,152,GEOL,150,1,
GEOL,152,GEOL,101,1,
GEOL,152,GEOL,102,2,
GEOL,152,GEOL,104,2,
GEOL,203,MATH,151,1,
GEOL,203,MATH,142,1,
GEOL,203,CHEM,119,2,
GEOL,203,CHEM,101,2,
GEOL,203,CHEM,111,3,
GEOL,203,CHEM,107,3,
GEOL,203,CHEM,117,4,
GEOL,203,GEOL,150,5,
GEOL,203,GEOL,104,5,
GEOL,203,GEOL,101,5,
GEOL,203,GEOL,102,6,
GEOL,210,MATH,151,1,
GEOL,210,MATH,142,1,
GEOL,210,ENGL,104,2,
GEOL,210,GEOL,150,3,
GEOL,210,GEOL,101,3,
GEOL,210,GEOL,104,3,
GEOL,304,GEOL,203,1,
GEOL,304,CHEM,120,2,
GEOL,304,CHEM,107,2,
GEOL,304,CHEM,117,3,
GEOL,304,CHEM,102,3,
GEOL,304,CHEM,112,4,
GEOL,306,CHEM,119,1,
GEOL,306,CHEM,101,1,
GEOL,306,CHEM,111,2,
GEOL,306,CHEM,107,2,
GEOL,306,CHEM,117,3,
GEOL,306,GEOL,152,4,
GEOL,306,GEOL,106,4,
GEOL,306,GEOL,104,4,
GEOL,312,GEOL,150,1,
GEOL,312,GEOL,104,1,
GEOL,312,GEOL,101,1,
GEOL,312,GEOL,102,2,
GEOL,312,MATH,142,3,
GEOL,312,MATH,152,3,
GEOL,312,PHYS,218,4,
GEOL,312,PHYS,201,4,
GEOL,314,CHEM,101,1,
GEOL,314,CHEM,107,1,
GEOL,314,CHEM,119,1,
GEOL,314,GEOL,306,2,
GEOL,330,GEOL,101,1,
GEOL,330,GEOL,104,1,
GEOL,350,GEOL,304,1,
GEOL,350,GEOL,314,2,
GEOL,350,GEOL,312,3,
GEOL,350,GEOL,306,4,
GEOL,350,GEOL,250,5,
GEOL,404,GEOL,104,1,
GEOL,404,GEOL,150,1,
GEOL,410,MATH,151,1,
GEOL,410,MATH,152,2,
GEOL,412,GEOL,410,1,
GEOL,450,GEOL,210,1,
GEOL,450,GEOL,312,2,
GEOL,478,MATH,151,1,
GEOL,478,MATH,152,2,
GEOP,615,GEOP,611,1,
GEOP,615,GEOL,665,1,
GEOS,405,GEOS,105,1,
GERM,102,GERM,101,1,
GERM,201,GERM,102,1,
GERM,201,GERM,104,1,
GERM,202,GERM,201,1,
GERM,311,GERM,202,1,
GERM,311,GERM,222,1,
GERM,311,GERM,204,1,
GERM,336,GERM,310,1,
GERM,336,GERM,315,1,
GLST,410,INTS,201,1,
GLST,410,INTA,201,1,
GLST,410,GLST,201,1,
HISP,250,SPAN,101,1,
HLTH,331,HLTH,231,1,
HLTH,335,BIOL,320,1,
HLTH,335,HLTH,210,2,
HLTH,335,HLTH,231,3,
HLTH,335,HLTH,240,4,
HLTH,353,BIOL,320,1,
HLTH,353,HLTH,210,2,
HLTH,353,HLTH,231,3,
HLTH,353,HLTH,240,4,
HLTH,403,HLTH,210,1,
HLTH,410,HLTH,210,1,
HLTH,410,HLTH,231,2,
HLTH,410,HLTH,240,3,
HLTH,410,BIOL,320,4,
HLTH,410,COMM,203,5,
HLTH,410,ENGL,104,6,
HLTH,410,ENGL,103,6,
HLTH,415,HLTH,231,1,
HLTH,415,HLTH,222,2,
HLTH,415,HLTH,240,2,
HLTH,415,HLTH,332,2,
HLTH,415,HLTH,331,2,
HLTH,415,BIOL,320,3,
HLTH,415,COMM,203,4,
HLTH,415,ENGL,103,5,
HLTH,415,ENGL,104,5,
HLTH,425,HLTH,222,1,
HLTH,425,HLTH,231,2,
HLTH,425,HLTH,240,3,
HLTH,425,HLTH,331,4,
HLTH,425,BIOL,320,5,
HLTH,425,COMM,203,6,
HLTH,425,ENGL,103,7,
HLTH,425,ENGL,104,7,
HLTH,440,HLTH,222,1,
HLTH,440,HLTH,231,2,
HLTH,440,HLTH,240,3,
HLTH,440,HLTH,331,4,
HLTH,440,BIOL,320,5,
HLTH,440,COMM,203,6,
HLTH,440,ENGL,103,7,
HLTH,440,ENGL,104,7,
HLTH,481,HLTH,210,1,
HLTH,481,HLTH,231,2,
HLTH,481,HLTH,240,3,
HLTH,481,COMM,203,4,
HLTH,481,ENGL,103,5,
HLTH,481,ENGL,104,5,
HLTH,482,HLTH,210,1,
HLTH,482,HLTH,231,2,
HLTH,482,HLTH,240,3,
HLTH,482,BIOL,320,4,
HLTH,482,COMM,203,5,
HLTH,482,ENGL,103,6,
HLTH,482,ENGL,104,6,
HLTH,484,HLTH,415,1,
HLTH,484,HLTH,425,2,
HLTH,484,HLTH,440,3,
HMGT,210,HMGT,201,1,
HMGT,210,RPTS,201,1,
HMGT,312,HMGT,201,1,
HMGT,312,RPTS,201,1,
HMGT,320,HMGT,211,1,
HMGT,320,RPTS,311,1,
HMGT,352,HMGT,201,1,
HMGT,352,RPTS,201,1,
HMGT,384,HMGT,201,1,
HMGT,384,RPTS,201,1,
HMGT,384,HMGT,223,2,
HMGT,384,HMGT,411,2,
HMGT,384,RPTS,323,2,
HMGT,384,HMGT,281,3,
HMGT,384,RPTS,481,3,
HMGT,401,HMGT,223,1,
HMGT,401,HMGT,411,1,
HMGT,401,RPTS,323,1,
HMGT,412,HMGT,211,1,
HMGT,412,RPTS,311,1,
HMGT,424,HMGT,320,1,
HMGT,424,RPTS,320,1,
HMGT,426,HMGT,302,1,
HMGT,426,RPTS,302,1,
HMGT,442,HMGT,201,1,
HMGT,442,RPTS,201,1,
HMGT,442,HMGT,340,2,
HMGT,442,RPTS,340,2,
HMGT,450,HMGT,223,1,
HMGT,450,RPTS,323,1,
HMGT,450,HMGT,411,1,
HMGT,451,HMGT,201,1,
HMGT,451,RPTS,201,1,
HMGT,465,HMGT,352,1,
HMGT,465,RPTS,421,1,
HMGT,602,HMGT,601,1,
HORT,202,HORT,201,1,
HORT,308,BIOL,101,1,
HORT,308,BIOL,111,1,
HORT,308,BIOL,113,1,
HORT,308,HORT,201,1,
HORT,308,HORT,301,1,
HORT,308,LAND,101,1,
HORT,308,RENR,205,1,
HORT,313,BIOL,111,1,
HORT,313,BIOL,101,1,
HORT,313,BIOL,113,1,
HORT,313,CHEM,222,2,
HORT,313,CHEM,227,2,
HORT,315,HORT,201,1,
HORT,315,HORT,202,2,
HORT,326,HORT,201,1,
HORT,419,HORT,201,1,
HORT,425,HORT,201,1,
HORT,426,HORT,201,1,
HORT,442,HORT,432,1,
HORT,442,HORT,306,2,
HORT,442,HORT,308,2,
HORT,452,HORT,203,1,
HORT,452,HORT,451,1,
HORT,453,HORT,203,1,
IBUS,401,MKTG,321,1,
ICPE,641,ICPE,640,1,
ICPE,642,ICPE,640,1,
ICPE,642,ICPE,641,2,
ICPE,644,ICPE,640,1,
ICPE,644,ICPE,641,2,
IDIS,330,IDIS,240,1,
IDIS,340,IDIS,240,1,
IDIS,343,STAT,201,1,
IDIS,343,STAT,211,1,
IDIS,343,STAT,303,1,
IDIS,343,IDIS,240,2,
IDIS,344,IDIS,240,1,
IDIS,364,ACCT,209,1,
IDIS,364,ACCT,229,1,
IDIS,364,IDIS,240,2,
IDIS,424,IDIS,340,1,
IDIS,424,IDIS,343,2,
IDIS,433,IDIS,330,1,
IDIS,434,IDIS,343,1,
IDIS,443,IDIS,343,1,
IDIS,443,IDIS,344,2,
IDIS,443,MMET,301,3,
IDIS,443,ESET,300,4,
IDIS,444,IDIS,464,1,
IDIS,444,IDIS,443,1,
IDIS,444,IDIS,424,2,
IDIS,444,IDIS,433,3,
IDIS,444,IDIS,434,4,
IDIS,444,IDIS,450,5,
IDIS,444,ENTC,399,6,
IDIS,450,IDIS,343,1,
IDIS,450,IDIS,344,2,
INTA,300,INTS,201,1,
INTA,300,INTA,201,1,
INTA,300,ARAB,202,2,
INTA,300,CHIN,202,2,
INTA,300,FREN,202,2,
INTA,300,GERM,202,2,
INTA,300,ITAL,202,2,
INTA,300,JAPN,202,2,
INTA,300,RUSS,202,2,
INTA,300,SPAN,202,2,
INTA,300,SPAN,203,2,
INTA,303,ECON,202,1,
INTA,303,ECON,203,2,
INTA,406,INTS,201,1,
INTA,406,INTA,201,1,
INTA,409,INTA,201,1,
INTA,409,INTS,201,1,
INTA,473,INTA,205,1,
INTA,473,INTS,205,1,
INTA,473,INTA,301,2,
INTA,473,INTS,301,2,
ISEN,210,ENGR,102,1,
ISEN,210,MATH,152,2,
ISEN,230,CSCE,206,1,
ISEN,230,CSCE,111,1,
ISEN,230,CSCE,121,1,
ISEN,230,CSCE,110,1,
ISEN,230,STAT,211,2,
ISEN,281,ENGR,217,1,
ISEN,281,PHYS,217,1,
ISEN,302,MATH,152,1,
ISEN,302,MATH,172,1,
ISEN,310,ISEN,230,1,
ISEN,310,STAT,211,2,
ISEN,311,CSCE,110,1,
ISEN,311,CSCE,111,1,
ISEN,311,CSCE,120,1,
ISEN,311,CSCE,121,1,
ISEN,311,CSCE,206,1,
ISEN,311,STAT,211,2,
ISEN,320,MATH,304,1,
ISEN,320,MATH,323,1,
ISEN,330,MEEN,221,1,
ISEN,340,MATH,304,1,
ISEN,340,MATH,323,1,
ISEN,340,ISEN,310,2,
ISEN,340,STAT,212,2,
ISEN,350,ISEN,310,1,
ISEN,350,ISEN,230,2,
ISEN,355,ISEN,230,1,
ISEN,355,ISEN,310,2,
ISEN,370,ISEN,230,1,
ISEN,370,ISEN,320,2,
ISEN,405,ISEN,210,1,
ISEN,405,ISEN,320,2,
ISEN,410,ISEN,210,1,
ISEN,410,ISEN,302,1,
ISEN,411,ISEN,350,1,
ISEN,413,ISEN,310,1,
ISEN,413,ISEN,350,2,
ISEN,414,STAT,211,1,
ISEN,425,ISEN,210,1,
ISEN,425,ISEN,355,2,
ISEN,427,ISEN,310,1,
ISEN,427,DAEN,321,1,
ISEN,427,STAT,212,1,
ISEN,433,ISEN,330,1,
ISEN,434,ISEN,330,1,
ISEN,440,MATH,304,1,
ISEN,453,ISEN,340,1,
ISEN,453,ISEN,421,1,
ISEN,453,MATH,304,1,
ISEN,453,ISEN,220,2,
ISEN,453,ISEN,424,3,
ISEN,460,ISEN,210,1,
ISEN,460,ISEN,330,2,
ISEN,460,ISEN,340,3,
ISEN,460,ISEN,350,4,
ISEN,460,ISEN,355,5,
ISEN,460,ISEN,370,6,
ISTM,250,ISTM,210,1,
ISTM,250,ISYS,210,1,
ISTM,250,INFO,210,1,
ISTM,310,ISTM,250,1,
ISTM,310,ISYS,250,1,
ISTM,310,INFO,250,1,
ISTM,310,ACCT,230,2,
ISTM,310,BUSN,203,3,
ISTM,310,SCMT,303,3,
ISTM,315,ISTM,310,1,
ISTM,315,ISYS,310,1,
ISTM,315,ISTM,320,2,
ISTM,315,ISYS,320,2,
ISTM,320,ISTM,250,1,
ISTM,320,ISYS,250,1,
ISTM,320,ACCT,230,2,
ISTM,320,BUSN,203,3,
ISTM,320,SCMT,303,3,
ISTM,360,ISTM,313,1,
ISTM,360,ISTM,315,1,
ISTM,360,BUSN,203,2,
ISTM,360,SCMT,303,2,
ISTM,380,ISTM,320,1,
ISTM,410,ISTM,310,1,
ISTM,410,ISYS,310,1,
ISTM,410,ISTM,320,2,
ISTM,410,ISYS,320,2,
ISTM,415,ISTM,315,1,
ISTM,415,ISYS,315,1,
ISTM,415,ISTM,410,2,
ISTM,415,ISYS,410,2,
ISTM,450,BUSN,203,1,
ISTM,450,SCMT,303,1,
ISTM,455,ISTM,310,1,
ISTM,455,ISYS,310,1,
ISTM,455,SCMT,375,1,
ISTM,645,ISTM,635,1,
ISTM,645,ISYS,635,1,
ISTM,645,INFO,635,1,
ISTM,655,ISTM,635,1,
ITAL,102,ITAL,101,1,
ITAL,202,ITAL,201,1,
ITDE,301,ITDE,201,1,
ITDE,402,ITDE,401,1,
ITDE,499,ITDE,402,1,
ITSV,272,ITSV,101,1,
ITSV,274,ITSV,272,1,
ITSV,274,TCMG,272,1,
ITSV,303,ITSV,272,1,
ITSV,303,TCMG,272,1,
ITSV,303,ITSV,274,2,
ITSV,303,TCMG,274,2,
ITSV,308,ITSV,272,1,
ITSV,308,TCMG,272,1,
ITSV,308,ITSV,274,2,
ITSV,308,TCMG,274,2,
ITSV,316,ITSV,303,1,
ITSV,316,TCMG,303,1,
ITSV,412,ITSV,272,1,
ITSV,412,TCMG,272,1,
ITSV,412,ITSV,274,2,
ITSV,412,TCMG,274,2,
JAPN,102,JAPN,101,1,
JAPN,202,JAPN,201,1,
JAPN,302,JAPN,301,1,
JOUR,200,JOUR,102,1,
JOUR,203,JOUR,102,1,
JOUR,203,JOUR,200,2,
JOUR,304,JOUR,203,1,
JOUR,468,JOUR,203,1,
JOUR,490,JOUR,203,1,
KINE,305,NUTR,202,1,
KINE,305,NFSC,202,1,
KINE,312,KINE,215,1,
KINE,314,KINE,215,1,
KINE,335,KINE,215,1,
KINE,340,KINE,318,1,
KINE,340,KINE,320,1,
KINE,345,KINE,215,1,
KINE,351,KINE,215,1,
KINE,353,KINE,215,1,
KINE,355,KINE,215,1,
KINE,406,BIOL,319,1,
KINE,406,PHYS,201,2,
KINE,406,BIOL,320,3,
KINE,407,KINE,406,1,
KINE,426,PHYS,201,1,
KINE,426,BIOL,319,2,
KINE,426,BIOL,320,3,
KINE,427,BIOL,319,1,
KINE,427,BIOL,320,2,
KINE,427,PHYS,201,3,
KINE,428,KINE,426,1,
KINE,428,PHYS,201,2,
KINE,433,PHYS,201,1,
KINE,433,BIOL,319,2,
KINE,433,BIOL,320,3,
KINE,435,KINE,433,1,
KINE,439,KINE,433,1,
KINE,484,KINE,483,1,
LAND,112,LAND,111,1,
LAND,212,LAND,211,1,
LAND,212,LAND,231,2,
LAND,232,LAND,211,1,
LAND,232,LAND,231,2,
LAND,312,LAND,311,1,
LAND,331,LAND,320,1,
LAND,331,LAND,330,2,
LAND,412,LAND,312,1,
LAND,602,LAND,601,1,
LAND,602,LAND,622,2,
LAND,614,LAND,612,1,
LAND,621,LAND,620,1,
LAW,671,LAW,621,1,
LAW,7065,LAW,7002,1,
LAW,7065,LAW,7017,2,
LAW,7076,LAW,7017,1,
LAW,7076,LAW,7002,2,
LAW,7091,LAW,7002,1,
LAW,7091,LAW,7017,2,
LAW,7104,LAW,7042,1,
LAW,7104,LAW,7002,2,
LAW,7104,LAW,7017,2,
LAW,7154,LAW,7017,1,
LAW,7154,LAW,7002,2,
LAW,7174,LAW,7002,1,
LAW,7174,LAW,7017,2,
LAW,7174,LAW,7032,3,
LAW,7277,LAW,7032,1,
LAW,7277,LAW,7002,2,
LAW,7277,LAW,7017,3,
LAW,7313,LAW,7002,1,
LAW,7313,LAW,7017,2,
LAW,7362,LAW,7056,1,
LAW,7362,LAW,7017,2,
LAW,7362,LAW,7002,3,
LAW,7362,LAW,7032,4,
LAW,740,LAW,630,1,
LAW,7435,LAW,7056,1,
LAW,7444,LAW,7032,1,
LAW,7444,LAW,7002,2,
LAW,7444,LAW,7017,3,
LAW,7492,LAW,7056,1,
LAW,7533,LAW,7032,1,
LAW,7550,LAW,7002,1,
LAW,7550,LAW,7017,2,
LAW,7552,LAW,7002,1,
LAW,7552,LAW,7017,2,
LAW,7588,LAW,7002,1,
LAW,7588,LAW,7032,2,
LAW,7588,LAW,7017,3,
LAW,7725,LAW,7065,1,
LAW,7727,LAW,7056,1,
LAW,7777,LAW,7065,1,
LAW,7779,LAW,7076,1,
LAW,7779,LAW,7002,2,
LAW,7779,LAW,7017,3,
LAW,7779,LAW,7032,4,
LAW,7779,LAW,7174,5,
LAW,7783,LAW,7032,1,
LAW,7786,LAW,7301,1,
LAW,7859,LAW,7091,1,
LAW,7862,LAW,7091,1,
LAW,7864,LAW,7091,1,
LAW,7865S,LAW,7091,1,
LAW,7867,LAW,7091,1,
LAW,7868,LAW,7091,1,
LAW,7869,LAW,7091,1,
LAW,7890,LAW,7017,1,
LAW,7890,LAW,7002,2,
LAW,7900,LAW,7017,1,
LAW,7900,LAW,7032,2,
LAW,7900,LAW,7002,3,
MASC,320,BIOL,111,1,
MASC,320,BIOL,113,2,
MASC,320,BIOL,123,3,
MASC,320,CHEM,106,4,
MASC,320,CHEM,116,5,
MASC,320,GEOL,101,6,
MASC,320,GEOG,203,6,
MASC,320,ASTR,101,7,
MASC,320,ASTR,102,8,
MASC,320,PHYS,205,9,
MASC,420,BIOL,111,1,
MASC,420,BIOL,113,1,
MASC,420,BIOL,123,2,
MASC,420,CHEM,106,3,
MASC,420,CHEM,116,4,
MASC,420,GEOL,101,5,
MASC,420,GEOG,203,5,
MASC,420,ASTR,101,6,
MASC,420,ASTR,102,7,
MASC,420,PHYS,205,8,
MATH,142,MATH,140,1,
MATH,142,MATH,150,1,
MATH,147,MATH,150,1,
MATH,148,MATH,147,1,
MATH,148,MATH,151,1,
MATH,151,MATH,150,1,
MATH,152,MATH,151,1,
MATH,152,MATH,147,1,
MATH,152,MATH,171,1,
MATH,170,MATH,150,1,
MATH,170,MATH,171,1,
MATH,170,MATH,172,1,
MATH,171,MATH,150,1,
MATH,172,MATH,147,1,
MATH,172,MATH,151,1,
MATH,172,MATH,171,1,
MATH,221,MATH,148,1,
MATH,221,MATH,152,1,
MATH,221,MATH,172,1,
MATH,251,MATH,148,1,
MATH,251,MATH,152,1,
MATH,251,MATH,172,1,
MATH,300,MATH,148,1,
MATH,300,MATH,152,1,
MATH,300,MATH,172,1,
MATH,304,MATH,148,1,
MATH,304,MATH,152,1,
MATH,304,MATH,172,1,
MATH,308,MATH,221,1,
MATH,308,MATH,251,1,
MATH,308,MATH,253,1,
MATH,309,MATH,221,1,
MATH,309,MATH,251,1,
MATH,309,MATH,253,1,
MATH,309,MATH,308,2,
MATH,311,MATH,221,1,
MATH,311,MATH,251,1,
MATH,311,MATH,253,1,
MATH,311,MATH,308,2,
MATH,325,MATH,152,1,
MATH,325,MATH,172,1,
MATH,366,MATH,365,1,
MATH,367,MATH,366,1,
MATH,401,MATH,308,1,
MATH,403,MATH,467,1,
MATH,407,MATH,221,1,
MATH,407,MATH,251,1,
MATH,407,MATH,253,1,
MATH,409,MATH,300,1,
MATH,409,MATH,220,1,
MATH,409,MATH,221,2,
MATH,409,MATH,251,2,
MATH,409,MATH,253,2,
MATH,410,MATH,409,1,
MATH,410,MATH,304,2,
MATH,410,MATH,323,2,
MATH,411,MATH,221,1,
MATH,411,MATH,251,1,
MATH,411,MATH,253,1,
MATH,412,MATH,308,1,
MATH,414,MATH,304,1,
MATH,414,MATH,309,1,
MATH,414,MATH,311,1,
MATH,414,MATH,323,1,
MATH,415,MATH,300,1,
MATH,415,MATH,220,1,
MATH,415,MATH,304,2,
MATH,415,MATH,309,2,
MATH,415,MATH,311,2,
MATH,415,MATH,323,2,
MATH,416,MATH,415,1,
MATH,417,MATH,304,1,
MATH,417,MATH,309,1,
MATH,417,MATH,311,1,
MATH,417,MATH,323,1,
MATH,417,MATH,308,2,
MATH,419,MATH,411,1,
MATH,419,STAT,414,1,
MATH,423,MATH,300,1,
MATH,423,MATH,220,1,
MATH,423,CSCE,222,1,
MATH,423,MATH,304,2,
MATH,423,MATH,323,2,
MATH,424,MATH,304,1,
MATH,424,MATH,309,1,
MATH,424,MATH,311,1,
MATH,424,MATH,323,1,
MATH,424,MATH,411,2,
MATH,424,STAT,414,2,
MATH,425,MATH,308,1,
MATH,425,MATH,411,2,
MATH,425,STAT,211,2,
MATH,425,STAT,414,2,
MATH,427,MATH,300,1,
MATH,427,MATH,220,1,
MATH,427,MATH,304,2,
MATH,427,MATH,323,2,
MATH,433,MATH,300,1,
MATH,433,MATH,220,1,
MATH,433,MATH,302,1,
MATH,433,MATH,304,2,
MATH,433,MATH,323,2,
MATH,442,MATH,304,1,
MATH,442,MATH,309,1,
MATH,442,MATH,311,1,
MATH,442,MATH,323,1,
MATH,442,MATH,308,2,
MATH,447,MATH,304,1,
MATH,447,MATH,309,1,
MATH,447,MATH,311,1,
MATH,447,MATH,323,1,
MATH,447,MATH,446,2,
MATH,447,MATH,410,2,
MATH,447,MATH,436,3,
MATH,467,MATH,304,1,
MATH,467,MATH,309,1,
MATH,467,MATH,311,1,
MATH,467,MATH,323,1,
MATH,467,MATH,300,1,
MATH,467,MATH,220,1,
MATH,470,MATH,304,1,
MATH,470,MATH,309,1,
MATH,470,MATH,311,1,
MATH,470,MATH,323,1,
MATH,470,CSCE,110,2,
MATH,470,CSCE,111,2,
MATH,470,CSCE,120,2,
MATH,470,CSCE,206,2,
MATH,470,ENGR,102,2,
MATH,470,ENGR,112,2,
MATH,471,MATH,470,1,
MATH,482,MATH,409,1,
MATH,482,MATH,415,1,
MCMD,677,MSCI,601,1,
MCMD,677,GENE,603,1,
MCMD,677,GENE,631,1,
MEEN,210,ENGR,102,1,
MEEN,221,PHYS,206,1,
MEEN,221,PHYS,218,1,
MEEN,221,MATH,251,2,
MEEN,221,MATH,253,2,
MEEN,223,CHEM,120,1,
MEEN,223,CHEM,107,1,
MEEN,223,CHEM,117,2,
MEEN,223,PHYS,206,3,
MEEN,225,PHYS,206,1,
MEEN,225,MATH,251,2,
MEEN,225,MATH,253,2,
MEEN,260,STAT,211,1,
MEEN,260,ECEN,215,2,
MEEN,260,MEEN,315,3,
MEEN,260,MATH,308,4,
MEEN,305,MEEN,225,1,
MEEN,305,MEEN,210,2,
MEEN,315,MEEN,221,1,
MEEN,315,MEEN,225,1,
MEEN,315,MATH,251,2,
MEEN,315,MATH,253,2,
MEEN,344,MEEN,315,1,
MEEN,344,MATH,308,2,
MEEN,345,MEEN,260,1,
MEEN,345,MEEN,344,2,
MEEN,357,MATH,308,1,
MEEN,360,MEEN,223,1,
MEEN,360,MEEN,260,2,
MEEN,361,MEEN,210,1,
MEEN,361,MEEN,260,2,
MEEN,361,MEEN,360,3,
MEEN,363,MEEN,225,1,
MEEN,363,MEEN,221,1,
MEEN,363,MATH,308,2,
MEEN,363,MEEN,357,3,
MEEN,363,MEEN,305,4,
MEEN,364,MEEN,260,1,
MEEN,364,MEEN,363,2,
MEEN,364,ECEN,215,3,
MEEN,365,MEEN,260,1,
MEEN,365,MEEN,363,2,
MEEN,365,ECEN,215,3,
MEEN,365,MEEN,364,4,
MEEN,368,MEEN,305,1,
MEEN,368,MEEN,210,2,
MEEN,401,MEEN,360,1,
MEEN,401,MEEN,361,2,
MEEN,401,MEEN,364,3,
MEEN,401,MEEN,365,4,
MEEN,401,MEEN,368,5,
MEEN,401,MEEN,461,6,
MEEN,401,MEEN,464,7,
MEEN,402,MEEN,401,1,
MEEN,404,MEEN,401,1,
MEEN,404,MEEN,360,2,
MEEN,404,MEEN,361,3,
MEEN,404,MEEN,364,4,
MEEN,404,MEEN,461,5,
MEEN,406,MEEN,260,1,
MEEN,406,MEEN,315,2,
MEEN,408,MEEN,364,1,
MEEN,410,MEEN,344,1,
MEEN,421,MEEN,461,1,
MEEN,423,MEEN,357,1,
MEEN,431,MEEN,364,1,
MEEN,432,MEEN,363,1,
MEEN,436,MEEN,344,1,
MEEN,439,MEEN,315,1,
MEEN,440,MEEN,368,1,
MEEN,440,BMEN,361,1,
MEEN,440,BAEN,375,1,
MEEN,442,MEEN,363,1,
MEEN,442,MEEN,368,2,
MEEN,451,MEEN,368,1,
MEEN,453,MEEN,360,1,
MEEN,453,MEEN,361,2,
MEEN,454,MEEN,344,1,
MEEN,454,MEEN,368,2,
MEEN,458,PHYS,206,1,
MEEN,460,MEEN,360,1,
MEEN,460,MEEN,361,2,
MEEN,461,MEEN,344,1,
MEEN,464,MEEN,345,1,
MEEN,464,MEEN,461,2,
MEEN,475,MEEN,360,1,
MEEN,475,MEEN,361,2,
MEFB,450,MEFB,352,1,
MEFB,450,MEFB,452,1,
MEFB,450,RDNG,470,2,
MEFB,450,RDNG,490,3,
MEFB,452,MEFB,450,1,
MEFB,452,RDNG,470,2,
MEFB,452,RDNG,490,3,
MEFB,452,MEFB,460,3,
MEFB,452,MEFB,470,4,
MEFB,452,RDNG,490,5,
MEFB,460,MASC,351,1,
MEFB,460,MASC,450,2,
MEFB,460,MEFB,452,3,
MEFB,460,MEFB,470,4,
MEFB,460,RDNG,490,5,
MEFB,470,MEFB,452,1,
MEFB,470,MEFB,460,1,
MEFB,470,RDNG,490,1,
MGMT,312,MGMT,311,1,
MGMT,312,MGMT,211,1,
MGMT,372,MGMT,363,1,
MGMT,373,MGMT,363,1,
MGMT,421,MGMT,363,1,
MGMT,422,MGMT,363,1,
MGMT,424,MGMT,363,1,
MGMT,425,MGMT,373,1,
MGMT,439,MGMT,363,1,
MGMT,440,MGMT,363,1,
MGMT,460,MGMT,363,1,
MGMT,464,MGMT,363,1,
MGMT,466,MGMT,311,1,
MGMT,466,MGMT,211,1,
MGMT,466,MGMT,363,2,
MGMT,466,FINC,341,3,
MGMT,466,INFO,364,4,
MGMT,466,SCMT,364,4,
MGMT,466,MKTG,321,5,
MGMT,489,MGMT,363,1,
MKTG,322,MKTG,321,1,
MKTG,323,MKTG,321,1,
MKTG,323,BUSN,203,2,
MKTG,323,SCMT,303,2,
MKTG,323,STAT,211,2,
MKTG,325,MKTG,321,1,
MKTG,335,MKTG,321,1,
MKTG,336,MKTG,321,1,
MKTG,337,MKTG,321,1,
MKTG,345,MKTG,321,1,
MKTG,347,MKTG,321,1,
MKTG,404,MKTG,321,1,
MKTG,425,MKTG,321,1,
MKTG,430,MKTG,323,1,
MKTG,431,MKTG,321,1,
MKTG,436,MKTG,335,1,
MKTG,440,MKTG,321,1,
MKTG,441,MKTG,321,1,
MKTG,442,MKTG,321,1,
MKTG,444,MKTG,321,1,
MKTG,448,MKTG,323,1,
MKTG,626,MKTG,625,1,
MMET,181,MMET,105,1,
MMET,181,ENGR,102,1,
MMET,181,ENGR,111,1,
MMET,201,ENGR,102,1,
MMET,201,ENGR,111,1,
MMET,201,CHEM,107,2,
MMET,201,CHEM,117,3,
MMET,201,CHEM,120,3,
MMET,201,CHEM,102,3,
MMET,201,CHEM,112,4,
MMET,206,CHEM,107,1,
MMET,206,CHEM,117,2,
MMET,206,CHEM,102,2,
MMET,206,CHEM,112,3,
MMET,206,CHEM,120,3,
MMET,207,CHEM,107,1,
MMET,207,CHEM,117,2,
MMET,207,CHEM,102,2,
MMET,207,CHEM,112,3,
MMET,207,CHEM,120,3,
MMET,275,MATH,152,1,
MMET,275,PHYS,206,2,
MMET,275,PHYS,218,2,
MMET,281,MMET,181,1,
MMET,281,ENTC,181,1,
MMET,281,MMET,206,2,
MMET,281,ENTC,206,2,
MMET,301,ENGL,104,1,
MMET,301,ENGL,103,1,
MMET,301,MATH,151,2,
MMET,301,MATH,152,3,
MMET,301,PHYS,206,4,
MMET,301,PHYS,218,4,
MMET,301,ENGR,216,5,
MMET,301,PHYS,216,5,
MMET,301,PHYS,218,5,
MMET,301,CHEM,107,6,
MMET,301,CHEM,117,7,
MMET,301,CHEM,120,7,
MMET,301,CHEM,102,7,
MMET,301,CHEM,112,8,
MMET,301,MMET,201,9,
MMET,303,MMET,275,1,
MMET,303,ENTC,275,1,
MMET,313,MMET,181,1,
MMET,313,ENTC,181,1,
MMET,313,MMET,207,2,
MMET,313,ENTC,207,2,
MMET,320,STAT,211,1,
MMET,361,MMET,181,1,
MMET,361,ENTC,181,1,
MMET,361,MMET,206,2,
MMET,361,ENTC,206,2,
MMET,361,MMET,207,3,
MMET,361,ENTC,207,3,
MMET,361,MMET,275,4,
MMET,361,ENTC,275,4,
MMET,361,ENGR,216,5,
MMET,361,ENGR,112,5,
MMET,361,PHYS,216,5,
MMET,363,MMET,376,1,
MMET,363,ENTC,376,1,
MMET,370,PHYS,206,1,
MMET,370,PHYS,218,1,
MMET,370,ENGR,216,2,
MMET,370,PHYS,216,2,
MMET,370,PHYS,218,2,
MMET,376,MATH,151,1,
MMET,376,MATH,152,2,
MMET,376,ENGL,104,3,
MMET,376,ENGL,103,3,
MMET,376,MMET,207,4,
MMET,376,ENTC,207,4,
MMET,376,MMET,275,5,
MMET,376,ENTC,275,5,
MMET,376,CHEM,107,6,
MMET,376,CHEM,117,7,
MMET,376,CHEM,102,7,
MMET,376,CHEM,112,8,
MMET,376,CHEM,120,8,
MMET,376,PHYS,206,9,
MMET,376,ENGR,216,10,
MMET,376,PHYS,216,10,
MMET,376,PHYS,218,10,
MMET,380,MATH,152,1,
MMET,380,MMET,181,2,
MMET,380,ENTC,181,2,
MMET,383,MMET,380,1,
MMET,383,ENTC,380,1,
MMET,401,MMET,201,1,
MMET,401,MMET,301,2,
MMET,401,IDIS,303,2,
MMET,401,PHYS,207,3,
MMET,401,PHYS,208,3,
MMET,401,PHYS,219,3,
MMET,401,ENGR,217,4,
MMET,401,PHYS,219,4,
MMET,401,PHYS,217,4,
MMET,401,PHYS,208,4,
MMET,402,MMET,281,1,
MMET,402,ENTC,281,1,
MMET,402,MMET,376,2,
MMET,402,ENTC,376,2,
MMET,410,MMET,361,1,
MMET,410,ENTC,361,1,
MMET,410,MMET,376,2,
MMET,410,ENTC,376,2,
MMET,410,MMET,383,3,
MMET,410,ENTC,383,3,
MMET,410,IDIS,300,4,
MMET,410,ESET,300,4,
MMET,412,MMET,320,1,
MMET,412,ENTC,320,1,
MMET,412,MMET,383,2,
MMET,412,ENTC,383,2,
MMET,412,ISEN,302,3,
MMET,422,MMET,429,1,
MMET,422,ENTC,429,1,
MMET,422,MMET,410,2,
MMET,422,MMET,412,3,
MMET,422,MMET,463,4,
MMET,422,ENTC,399,5,
MMET,429,ISEN,302,1,
MMET,429,MMET,361,2,
MMET,429,MMET,363,3,
MSEN,201,PHYS,206,1,
MSEN,201,PHYS,218,1,
MSEN,201,CHEM,119,2,
MSEN,201,CHEM,101,2,
MSEN,201,CHEM,107,2,
MSEN,205,MSEN,201,1,
MSEN,210,MSEN,201,1,
MSEN,210,AERO,413,1,
MSEN,210,BMEN,343,1,
MSEN,210,CHEN,322,1,
MSEN,210,CVEN,306,1,
MSEN,210,MEEN,222,1,
MSEN,210,MMET,206,1,
MSEN,210,MSEN,222,1,
MSEN,210,NUEN,265,1,
MSEN,210,MATH,152,2,
MSEN,222,CHEM,107,1,
MSEN,222,CHEM,119,1,
MSEN,222,CHEM,101,1,
MSEN,222,PHYS,206,2,
MSEN,250,CHEM,120,1,
MSEN,250,CHEM,102,1,
MSEN,250,CHEM,112,2,
MSEN,250,MSEN,201,3,
MSEN,260,MSEN,201,1,
MSEN,260,AERO,413,1,
MSEN,260,BMEN,343,1,
MSEN,260,CHEN,322,1,
MSEN,260,CVEN,306,1,
MSEN,260,MEEN,222,1,
MSEN,260,MMET,206,1,
MSEN,260,MSEN,222,1,
MSEN,260,NUEN,265,1,
MSEN,281,MSEN,201,1,
MSEN,301,MSEN,210,1,
MSEN,301,MSEN,260,2,
MSEN,302,MSEN,301,1,
MSEN,302,MSEN,380,2,
MSEN,302,MSEN,320,3,
MSEN,305,MSEN,210,1,
MSEN,320,MSEN,260,1,
MSEN,325,MSEN,260,1,
MSEN,330,MATH,307,1,
MSEN,330,MSEN,305,2,
MSEN,330,MSEN,320,3,
MSEN,360,MSEN,250,1,
MSEN,360,MSEN,260,2,
MSEN,380,MSEN,301,1,
MSEN,400,MSEN,301,1,
MSEN,402,MSEN,401,1,
MSEN,410,MSEN,250,1,
MSEN,410,MSEN,305,2,
MSEN,410,MSEN,320,3,
MSEN,420,PHYS,206,1,
MSEN,420,PHYS,218,1,
MSEN,420,CHEM,120,2,
MSEN,420,CHEM,102,2,
MSEN,420,CHEM,112,3,
MSEN,430,MSEN,260,1,
MSEN,444,MSEN,440,1,
MSEN,446,MSEN,440,1,
MSEN,458,MSEN,260,1,
MSEN,644,MSEN,643,1,
MSEN,655,ECEN,769,1,
MSEN,655,MSEN,660,1,
MSEN,655,MSEN,601,1,
MSEN,655,MEEN,601,2,
MSEN,666,MSEN,320,1,
MSEN,666,MEEN,467,1,
MSEN,666,MSEN,625,1,
MSEN,666,MEEN,625,1,
MSEN,666,AERO,603,1,
MSEN,666,MEMA,602,1,
MSEN,666,CVEN,613,1,
MTDE,380,MTDE,333,1,
MTDE,380,ENGR,333,1,
MUSC,205,MUSC,204,1,
MUSC,205,PERF,204,1,
MUSC,205,MUSC,208,2,
MUSC,205,MUSC,210,3,
MUSC,210,MUSC,204,1,
MUSC,210,MUSC,208,2,
MUSC,210,MUSC,205,3,
MUSC,330,MUSC,130,1,
MUSC,354,MUSC,254,1,
MUSC,355,MUSC,255,1,
MUSC,372,MUSC,272,1,
MXET,300,MXET,375,1,
MXET,300,PHYS,207,2,
MXET,300,PHYS,208,2,
MXET,300,PHYS,219,2,
MXET,300,ENGR,217,3,
MXET,300,PHYS,217,3,
MXET,300,PHYS,208,3,
MXET,300,PHYS,219,3,
MXET,300,ESET,359,4,
MXET,300,ESET,369,5,
MXET,375,MMET,275,1,
NRSC,401,VIBS,277,1,
NRSC,401,NRSC,277,1,
NUEN,102,NUEN,101,1,
NUEN,201,MATH,251,1,
NUEN,201,PHYS,208,2,
NUEN,201,PHYS,207,2,
NUEN,265,CHEM,102,1,
NUEN,265,CHEM,104,1,
NUEN,265,CHEM,114,2,
NUEN,265,CHEM,107,2,
NUEN,265,PHYS,218,3,
NUEN,301,NUEN,302,1,
NUEN,302,NUEN,201,1,
NUEN,302,MATH,308,2,
NUEN,303,NUEN,309,1,
NUEN,304,NUEN,301,1,
NUEN,304,MATH,309,2,
NUEN,315,MEEN,221,1,
NUEN,315,MATH,251,2,
NUEN,315,MATH,253,2,
NUEN,329,MATH,309,1,
NUEN,329,NUEN,301,2,
NUEN,410,NUEN,304,1,
NUEN,410,NUEN,406,2,
NUEN,410,MEEN,461,3,
NUEN,417,PHYS,208,1,
NUEN,451,NUEN,303,1,
NUEN,451,NUEN,309,2,
NUEN,460,NUEN,301,1,
NUEN,460,NUEN,302,1,
NUEN,460,NUEN,304,1,
NUEN,460,NUEN,406,1,
NUEN,460,NUEN,430,1,
NUEN,460,MEEN,315,2,
NUEN,460,MEEN,344,2,
NUEN,460,MEEN,461,2,
NUEN,475,NUEN,309,1,
NURS,306,NURS,307,1,
NURS,307,NURS,306,1,
NURS,320,NURS,306,1,
NURS,320,NURS,307,2,
NURS,320,NURS,312,3,
NURS,320,NURS,316,4,
NURS,323,NURS,306,1,
NURS,323,NURS,313,1,
NURS,323,NURS,307,2,
NURS,323,NURS,314,2,
NURS,323,NURS,312,3,
NURS,323,NURS,316,4,
NURS,323,NURS,320,5,
NURS,411,NURS,306,1,
NURS,411,NURS,313,1,
NURS,411,NURS,307,2,
NURS,411,NURS,314,2,
NURS,411,NURS,312,3,
NURS,411,NURS,316,4,
NURS,412,NURS,306,1,
NURS,412,NURS,313,1,
NURS,412,NURS,307,2,
NURS,412,NURS,314,2,
NURS,412,NURS,312,3,
NURS,412,NURS,316,4,
NURS,413,NURS,306,1,
NURS,413,NURS,313,1,
NURS,413,NURS,307,2,
NURS,413,NURS,314,2,
NURS,413,NURS,312,3,
NURS,413,NURS,316,4,
NURS,413,NURS,320,5,
NURS,420,NURS,320,1,
NURS,421,NURS,306,1,
NURS,421,NURS,313,1,
NURS,421,NURS,307,2,
NURS,421,NURS,314,2,
NURS,421,NURS,312,3,
NURS,421,NURS,316,4,
NURS,421,NURS,320,5,
NURS,430,NURS,305,1,
NURS,430,NURS,306,2,
NURS,430,NURS,313,2,
NURS,430,NURS,307,3,
NURS,430,NURS,314,3,
NURS,430,NURS,315,4,
NURS,430,NURS,320,5,
NURS,430,NURS,411,6,
NURS,430,NURS,412,7,
NURS,430,NURS,420,8,
NURS,625,NURS,624,1,
NURS,625,NURS,623,1,
NURS,625,NURS,620,1,
NURS,638,NURS,617,1,
NURS,638,NURS,618,2,
NURS,638,NURS,651,3,
NURS,638,NURS,652,4,
NURS,638,NURS,653,5,
NURS,638,NURS,654,6,
NURS,638,NURS,656,7,
NUTR,203,CHEM,119,1,
NUTR,204,NUTR,203,1,
NUTR,211,CHEM,119,1,
NUTR,211,CHEM,101,1,
NUTR,211,CHEM,111,2,
NUTR,211,NUTR,202,3,
NUTR,211,NFSC,202,3,
NUTR,211,NUTR,203,3,
NUTR,211,NFSC,203,3,
NUTR,301,NUTR,202,1,
NUTR,301,NFSC,202,1,
NUTR,301,NUTR,203,1,
NUTR,301,NFSC,203,1,
NUTR,306,NUTR,301,1,
NUTR,365,NFSC,203,1,
NUTR,365,NUTR,203,1,
NUTR,365,NFSC,301,2,
NUTR,365,NUTR,301,2,
NUTR,367,NUTR,366,1,
NUTR,403,NUTR,306,1,
NUTR,412,NUTR,203,1,
NUTR,412,NFSC,203,1,
NUTR,412,NUTR,301,2,
NUTR,412,NFSC,301,2,
NUTR,412,NUTR,444,2,
NUTR,412,BIOL,319,3,
NUTR,412,BICH,410,4,
NUTR,430,NUTR,301,1,
NUTR,440,NUTR,301,1,
NUTR,475,NUTR,301,1,
NUTR,475,NUTR,366,2,
NUTR,475,BIOL,319,2,
NUTR,475,BICH,409,3,
NUTR,475,BICH,410,3,
NUTR,475,BICH,440,3,
OCEN,214,MATH,308,1,
OCEN,214,OCEN,221,2,
OCEN,221,MATH,251,1,
OCEN,221,MATH,253,1,
OCEN,265,OCEN,214,1,
OCEN,265,CVEN,305,1,
OCEN,300,OCEN,311,1,
OCEN,300,OCEN,362,2,
OCEN,345,OCEN,214,1,
OCEN,352,OCEN,351,1,
OCEN,362,OCEN,311,1,
OCEN,362,MATH,308,2,
OCEN,399,OCEN,201,1,
OCEN,401,OCEN,311,1,
OCEN,407,OCEN,400,1,
OCEN,407,OCEN,402,2,
OCEN,407,OCEN,403,3,
OCEN,407,OCEN,406,4,
OCEN,410,OCEN,400,1,
OCEN,410,OCEN,402,2,
OCEN,410,OCEN,403,3,
OCEN,415,OCEN,345,1,
OCEN,421,OCEN,362,1,
OCEN,421,OCEN,402,2,
OCEN,481,OCEN,406,1,
OCNG,340,CHEM,120,1,
OCNG,340,OCNG,251,2,
OCNG,443,OCNG,251,1,
OCNG,443,CHEM,120,2,
OCNG,451,MATH,308,1,
OCNG,461,OCNG,203,1,
OCNG,461,STAT,211,2,
OCNG,461,STAT,303,2,
OCNG,470,MATH,151,1,
OCNG,470,STAT,211,2,
OCNG,470,STAT,303,2,
OCNG,470,STAT,302,2,
OCNG,470,STAT,301,2,
OCNG,661,OCNG,604,1,
OCNG,661,OCNG,608,2,
OCNG,661,OCNG,657,3,
PBSI,209,PBSI,107,1,
PBSI,209,PSYC,107,1,
PBSI,210,PBSI,107,1,
PBSI,210,PSYC,107,1,
PBSI,235,PSYC,107,1,
PBSI,235,PBSI,107,1,
PBSI,235,BIOL,111,1,
PBSI,300,PBSI,107,1,
PBSI,300,PSYC,107,1,
PBSI,301,PBSI,107,1,
PBSI,301,PSYC,107,1,
PBSI,301,PBSI,245,2,
PBSI,301,PSYC,245,2,
PBSI,302,PBSI,301,1,
PBSI,302,PSYC,301,1,
PBSI,302,PBSI,107,2,
PBSI,302,PSYC,107,2,
PBSI,306,PBSI,107,1,
PBSI,306,PSYC,107,1,
PBSI,307,PBSI,107,1,
PBSI,307,PSYC,107,1,
PBSI,307,PBSI,245,2,
PBSI,307,PSYC,245,2,
PBSI,307,MATH,140,2,
PBSI,307,MATH,168,2,
PBSI,307,MATH,142,2,
PBSI,307,MATH,147,2,
PBSI,307,MATH,151,2,
PBSI,307,MATH,171,2,
PBSI,307,MATH,152,2,
PBSI,307,MATH,148,2,
PBSI,307,MATH,172,2,
PBSI,307,MATH,150,2,
PBSI,307,PHIL,240,2,
PBSI,307,STAT,201,2,
PBSI,315,PBSI,107,1,
PBSI,315,PSYC,107,1,
PBSI,320,PBSI,235,1,
PBSI,320,PSYC,235,1,
PBSI,320,NRSC,235,1,
PBSI,323,PSYC,107,1,
PBSI,323,PBSI,107,1,
PBSI,323,PSYC,245,2,
PBSI,323,PBSI,245,2,
PBSI,323,MATH,140,2,
PBSI,323,MATH,168,2,
PBSI,323,MATH,142,2,
PBSI,323,MATH,147,2,
PBSI,323,MATH,151,2,
PBSI,323,MATH,171,2,
PBSI,323,MATH,152,2,
PBSI,323,MATH,148,2,
PBSI,323,MATH,172,2,
PBSI,323,MATH,150,2,
PBSI,323,PHIL,240,2,
PBSI,323,STAT,201,2,
PBSI,330,PSYC,107,1,
PBSI,330,PBSI,107,1,
PBSI,332,PSYC,335,1,
PBSI,332,PBSI,235,1,
PBSI,332,PSYC,235,1,
PBSI,332,NRSC,335,1,
PBSI,332,NRSC,235,1,
PBSI,332,PSYC,340,1,
PBSI,332,PBSI,340,1,
PBSI,332,NRSC,340,1,
PBSI,332,VIBS,277,1,
PBSI,332,NRSC,277,1,
PBSI,336,PSYC,335,1,
PBSI,336,PSYC,235,1,
PBSI,336,PBSI,235,1,
PBSI,336,NRSC,335,1,
PBSI,336,NRSC,235,1,
PBSI,336,PSYC,340,1,
PBSI,336,PBSI,340,1,
PBSI,336,NRSC,340,1,
PBSI,336,VIBS,277,1,
PBSI,336,NRSC,277,1,
PBSI,345,PSYC,107,1,
PBSI,345,PBSI,107,1,
PBSI,345,PSYC,245,2,
PBSI,345,PBSI,245,2,
PBSI,345,MATH,140,2,
PBSI,345,MATH,168,2,
PBSI,345,MATH,142,2,
PBSI,345,MATH,147,2,
PBSI,345,MATH,151,2,
PBSI,345,MATH,171,2,
PBSI,345,MATH,152,2,
PBSI,345,MATH,148,2,
PBSI,345,MATH,172,2,
PBSI,345,MATH,150,2,
PBSI,345,PHIL,240,2,
PBSI,345,STAT,201,2,
PBSI,350,PSYC,107,1,
PBSI,350,PBSI,107,1,
PBSI,350,PBSI,235,2,
PBSI,350,PSYC,235,2,
PBSI,350,NRSC,235,2,
PBSI,352,PSYC,107,1,
PBSI,352,PBSI,107,1,
PBSI,352,PSYC,245,2,
PBSI,352,PBSI,245,2,
PBSI,352,MATH,140,2,
PBSI,352,MATH,168,2,
PBSI,352,MATH,142,2,
PBSI,352,MATH,147,2,
PBSI,352,MATH,151,2,
PBSI,352,MATH,171,2,
PBSI,352,MATH,152,2,
PBSI,352,MATH,148,2,
PBSI,352,MATH,172,2,
PBSI,352,MATH,150,2,
PBSI,352,PHIL,240,2,
PBSI,352,STAT,201,2,
PBSI,360,PSYC,107,1,
PBSI,360,PBSI,107,1,
PBSI,375,PBSI,107,1,
PBSI,414,PBSI,107,1,
PBSI,414,PSYC,107,1,
PBSI,471,PBSI,235,1,
PBSI,471,PSYC,235,1,
PBSI,475,PBSI,235,1,
PBSI,475,PSYC,235,1,
PBSI,484,PBSI,301,1,
PBSI,484,PSYC,301,1,
PBSI,484,PBSI,302,2,
PBSI,484,PSYC,302,2,
PBSI,613,PBSI,623,1,
PBSI,613,PSYC,623,1,
PBSI,613,PBSI,624,2,
PBSI,613,PSYC,624,2,
PBSI,653,PBSI,652,1,
PBSI,653,PSYC,652,1,
PETE,219,ENGR,102,1,
PETE,219,PETE,301,2,
PETE,225,MATH,152,1,
PETE,225,PHYS,206,2,
PETE,225,ENGR,216,3,
PETE,225,PHYS,216,3,
PETE,225,CHEM,107,4,
PETE,225,CHEM,117,5,
PETE,301,MATH,308,1,
PETE,301,PETE,219,2,
PETE,310,CHEM,107,1,
PETE,310,CHEM,117,2,
PETE,310,MATH,308,3,
PETE,310,PETE,311,4,
PETE,310,PETE,315,5,
PETE,311,MATH,251,1,
PETE,311,PHYS,207,2,
PETE,311,ENGR,217,3,
PETE,311,PHYS,217,3,
PETE,311,CHEM,107,4,
PETE,311,CHEM,117,5,
PETE,311,GEOL,104,6,
PETE,314,PETE,315,1,
PETE,315,MATH,251,1,
PETE,315,MEEN,221,2,
PETE,321,PETE,301,1,
PETE,321,PETE,310,2,
PETE,321,PETE,311,3,
PETE,321,GEOL,404,4,
PETE,323,PETE,301,1,
PETE,323,PETE,310,2,
PETE,323,PETE,311,3,
PETE,323,GEOL,404,4,
PETE,324,PETE,301,1,
PETE,324,PETE,310,2,
PETE,324,PETE,311,3,
PETE,324,GEOL,404,4,
PETE,325,PETE,301,1,
PETE,325,PETE,310,2,
PETE,325,PETE,314,3,
PETE,337,PETE,335,1,
PETE,337,PETE,336,1,
PETE,353,PETE,301,1,
PETE,353,PETE,310,2,
PETE,355,PETE,325,1,
PETE,355,PETE,321,2,
PETE,355,PETE,314,3,
PETE,355,PETE,225,4,
PETE,355,CVEN,305,5,
PETE,401,PETE,310,1,
PETE,401,PETE,321,2,
PETE,401,PETE,323,3,
PETE,401,PETE,324,4,
PETE,401,PETE,353,5,
PETE,402,PETE,355,1,
PETE,402,PETE,401,2,
PETE,402,PETE,404,3,
PETE,402,PETE,410,4,
PETE,404,PETE,401,1,
PETE,410,PETE,321,1,
PETE,410,PETE,323,2,
PETE,410,PETE,324,3,
PETE,410,PETE,325,4,
PETE,416,PETE,410,1,
PETE,418,PETE,353,1,
PETE,419,PETE,219,1,
PETE,419,PETE,301,2,
PETE,426,PETE,323,1,
PETE,437,PETE,435,1,
PETE,437,PETE,436,1,
PETE,453,PETE,353,1,
PETE,639,PETE,355,1,
PETE,639,PETE,661,1,
PETE,667,PETE,664,1,
PHAR,606,PHAR,605,1,
PHAR,606,PHAR,672,2,
PHAR,611,PHAR,610,1,
PHAR,642,PHAR,641,1,
PHAR,673,PHAR,605,1,
PHAR,673,PHAR,610,2,
PHAR,673,PHAR,626,3,
PHAR,673,PHAR,672,4,
PHAR,705,PHAR,606,1,
PHAR,706,PHAR,606,1,
PHAR,712,PHAR,710,1,
PHAR,712,PHAR,711,2,
PHAR,712,PHAR,714,3,
PHAR,713,PHAR,710,1,
PHAR,713,PHAR,711,2,
PHAR,715,PHAR,710,1,
PHAR,715,PHAR,711,2,
PHAR,715,PHAR,714,3,
PHAR,812,PHAR,810,1,
PHAR,812,PHAR,811,2,
PHAR,812,PHAR,814,3,
PHAR,815,PHAR,814,1,
PHAR,815,PHAR,875,2,
PHAR,875,PHAR,810,1,
PHAR,875,PHAR,811,2,
PHEB,603,PHEB,602,1,
PHEB,610,PHEB,602,1,
PHEB,610,PHEB,605,2,
PHEB,610,PHEB,603,2,
PHEB,611,PHEB,610,1,
PHEB,611,PHEB,603,2,
PHEB,614,PHEB,602,1,
PHEB,614,PHEB,603,2,
PHEB,614,PHEB,609,3,
PHEB,615,PHEB,605,1,
PHEB,624,PHEB,600,1,
PHEB,624,PHEB,605,1,
PHEB,627,PHEB,605,1,
PHLT,311,PHLT,310,1,
PHLT,315,PHLT,314,1,
PHLT,370,PHLT,270,1,
PHLT,410,PHLT,310,1,
PHLT,412,PHLT,313,1,
PHLT,441,PHLT,411,1,
PHLT,445,PHLT,441,1,
PHPM,614,PHPM,605,1,
PHPM,614,PHPM,606,1,
PHPM,617,PHPM,602,1,
PHPM,617,PHEB,602,1,
PHPM,617,STAT,651,1,
PHPM,617,STAT,652,1,
PHPM,631,PHPM,605,1,
PHPM,631,PHPM,606,1,
PHPM,633,PHPM,605,1,
PHPM,633,PHPM,606,1,
PHYS,206,MATH,151,1,
PHYS,206,MATH,171,1,
PHYS,207,PHYS,206,1,
PHYS,207,MATH,152,2,
PHYS,207,MATH,172,2,
PHYS,221,PHYS,207,1,
PHYS,221,PHYS,208,1,
PHYS,221,MATH,221,2,
PHYS,221,MATH,251,2,
PHYS,221,MATH,253,2,
PHYS,221,MATH,308,3,
PHYS,222,PHYS,207,1,
PHYS,222,PHYS,208,1,
PHYS,222,MATH,308,2,
PHYS,226,PHYS,206,1,
PHYS,226,MATH,151,2,
PHYS,226,MATH,171,2,
PHYS,303,PHYS,302,1,
PHYS,309,PHYS,221,1,
PHYS,309,MATH,308,2,
PHYS,327,PHYS,225,1,
PHYS,327,PHYS,309,2,
PHYS,328,PHYS,327,1,
PHYS,331,PHYS,221,1,
PHYS,331,MATH,308,2,
PHYS,401,PHYS,332,1,
PHYS,412,PHYS,302,1,
PHYS,412,PHYS,309,2,
PHYS,412,PHYS,332,3,
PHYS,419,PHYS,309,1,
PHYS,419,PHYS,222,1,
PHYS,419,PHYS,414,2,
PHYS,425,PHYS,327,1,
PLPA,301,BIOL,113,1,
PLPA,301,BIOL,101,1,
PLPA,301,BIOL,111,1,
PLPA,303,PLPA,301,1,
PLPA,604,PLPA,301,1,
PLPA,604,PLPA,601,1,
PLPA,605,PLPA,301,1,
PLPA,605,PLPA,601,1,
PLPA,606,PLPA,301,1,
PLPA,606,PLPA,601,1,
POLS,306,POLS,206,1,
POLS,308,POLS,206,1,
POLS,309,POLS,209,1,
POLS,314,POLS,206,1,
POLS,315,POLS,206,1,
POLS,322,POLS,206,1,
POLS,326,POLS,206,1,
POLS,326,POLS,207,2,
POLS,340,POLS,206,1,
POLS,350,POLS,206,1,
POLS,353,POLS,206,1,
POLS,412,POLS,206,1,
POLS,415,POLS,206,1,
POLS,420,POLS,206,1,
POLS,420,POLS,209,2,
POLS,424,POLS,206,1,
POLS,424,POLS,207,2,
POLS,429,POLS,206,1,
POLS,432,POLS,206,1,
POLS,432,POLS,207,2,
POLS,447,POLS,206,1,
POLS,475,POLS,206,1,
POLS,489,POLS,206,1,
POSC,308,BIOL,111,1,
POSC,308,POSC,201,2,
POSC,406,CHEM,222,1,
POSC,406,POSC,309,2,
POSC,406,POSC,405,3,
POSC,406,DASC,326,4,
POSC,406,FSTC,326,4,
POSC,406,NFSC,326,4,
POSC,412,POSC,411,1,
POSC,429,DASC,326,1,
POSC,429,FSTC,326,1,
POSC,429,NFSC,326,1,
POSC,429,BIOL,351,1,
POSC,429,VTPB,405,1,
PSAA,360,PSAA,210,1,
PSAA,650,PSAA,634,1,
PSAA,650,PSAA,644,1,
RDNG,351,RDNG,373,1,
RDNG,373,RDNG,351,1,
RDNG,467,RDNG,351,1,
RDNG,467,RDNG,361,2,
RDNG,467,RDNG,473,2,
RDNG,467,TEFB,410,3,
RDNG,467,TEFB,412,4,
RDNG,467,TEFB,413,5,
RDNG,470,MEFB,450,1,
RDNG,470,MEFB,452,2,
RDNG,470,RDNG,490,3,
RDNG,473,RDNG,351,1,
RDNG,473,RDNG,373,2,
RDNG,490,MEFB,452,1,
RDNG,490,RDNG,470,2,
RDNG,490,MEFB,450,3,
RDNG,605,RDNG,604,1,
RUSS,102,RUSS,101,1,
RUSS,201,RUSS,102,1,
RUSS,202,RUSS,201,1,
RUSS,211,RUSS,102,1,
RUSS,302,RUSS,202,1,
RUSS,302,RUSS,222,1,
RUSS,410,RUSS,202,1,
RUSS,410,RUSS,222,1,
RUSS,442,RUSS,201,1,
RWFM,308,ECCB,205,1,
RWFM,308,RENR,205,1,
RWFM,308,BIOL,357,1,
RWFM,317,RWFM,314,1,
RWFM,317,ESSM,314,1,
RWFM,349,RENR,205,1,
RWFM,349,ECCB,205,1,
RWFM,349,BIOL,357,1,
RWFM,349,ANSC,107,2,
RWFM,349,ANSC,108,3,
RWFM,349,BIOL,107,3,
RWFM,350,STAT,302,1,
RWFM,350,MATH,140,1,
SCMT,300,SCMT,364,1,
SCMT,300,SCMT,361,2,
SCMT,335,INFO,364,1,
SCMT,335,SCMT,364,1,
SCMT,335,INFO,340,2,
SCMT,335,SCMT,340,2,
SCMT,335,INFO,361,3,
SCMT,335,SCMT,361,3,
SCMT,336,SCMT,364,1,
SCMT,336,INFO,364,1,
SCMT,340,SCMT,364,1,
SCMT,345,SCMT,364,1,
SCMT,345,INFO,364,1,
SCMT,345,SCMT,340,2,
SCMT,345,INFO,340,2,
SCMT,345,SCMT,361,3,
SCMT,345,INFO,361,3,
SCMT,361,SCMT,364,1,
SCMT,361,INFO,364,1,
SCMT,361,SCMT,300,2,
SCMT,390,SCMT,364,1,
SCMT,390,FINC,341,1,
SCMT,465,SCMT,340,1,
SCMT,465,INFO,340,1,
SCMT,465,SCMT,361,2,
SCMT,465,INFO,361,2,
SCMT,468,SCMT,364,1,
SCMT,468,INFO,364,1,
SCMT,469,SCMT,364,1,
SCSC,304,SCSC,105,1,
SCSC,304,SCSC,205,1,
SCSC,304,HORT,201,1,
SCSC,307,SCSC,205,1,
SCSC,309,SCSC,301,1,
SCSC,424,SCSC,301,1,
SCSC,427,SCSC,309,1,
SCSC,455,SCSC,301,1,
SEFB,425,SEFB,410,1,
SEFB,425,SPED,410,2,
SOCI,323,SOCI,205,1,
SOCI,328,SOCI,205,1,
SOCI,415,SOCI,205,1,
SOCI,420,SOCI,220,1,
SOCI,430,SOCI,230,1,
SOMS,281,SOMS,280,1,
SOMS,381,SOMS,380,1,
SPAN,102,SPAN,101,1,
SPAN,201,SPAN,102,1,
SPAN,202,SPAN,201,1,
SPAN,203,SPAN,201,1,
SPAN,208,SPAN,102,1,
SPAN,218,SPAN,201,1,
SPAN,218,SPAN,208,1,
SPAN,301,SPAN,202,1,
SPAN,301,SPAN,203,1,
SPAN,301,SPAN,218,1,
SPAN,301,SPAN,222,1,
SPAN,302,SPAN,202,1,
SPAN,302,SPAN,203,1,
SPAN,302,SPAN,218,1,
SPAN,302,SPAN,222,1,
SPAN,303,SPAN,202,1,
SPAN,303,SPAN,203,1,
SPAN,303,SPAN,218,1,
SPAN,303,SPAN,222,1,
SPAN,304,SPAN,202,1,
SPAN,304,SPAN,203,1,
SPAN,304,SPAN,218,1,
SPAN,304,SPAN,222,1,
SPAN,305,SPAN,301,1,
SPAN,305,SPAN,302,1,
SPAN,305,SPAN,303,1,
SPAN,305,SPAN,304,1,
SPAN,305,SPAN,306,1,
SPAN,305,SPAN,307,1,
SPAN,305,SPAN,311,1,
SPAN,305,SPAN,312,1,
SPAN,305,SPAN,318,1,
SPAN,305,SPAN,320,1,
SPAN,305,SPAN,331,1,
SPAN,305,SPAN,332,1,
SPAN,305,SPAN,341,1,
SPAN,305,SPAN,342,1,
SPAN,305,SPAN,350,1,
SPAN,305,SPAN,352,1,
SPAN,305,SPAN,403,1,
SPAN,305,SPAN,407,1,
SPAN,305,SPAN,409,1,
SPAN,305,SPAN,410,1,
SPAN,305,SPAN,411,1,
SPAN,305,SPAN,412,1,
SPAN,305,SPAN,413,1,
SPAN,305,SPAN,414,1,
SPAN,305,SPAN,417,1,
SPAN,305,SPAN,421,1,
SPAN,305,SPAN,423,1,
SPAN,305,SPAN,445,1,
SPAN,305,SPAN,450,1,
SPAN,305,SPAN,452,1,
SPAN,305,SPAN,460,1,
SPAN,305,SPAN,461,1,
SPAN,305,SPAN,462,1,
SPAN,306,SPAN,302,1,
SPAN,306,SPAN,303,1,
SPAN,306,SPAN,304,1,
SPAN,306,SPAN,307,1,
SPAN,306,SPAN,301,1,
SPAN,306,SPAN,311,1,
SPAN,306,SPAN,312,1,
SPAN,306,SPAN,318,1,
SPAN,306,SPAN,320,1,
SPAN,306,SPAN,331,1,
SPAN,306,SPAN,332,1,
SPAN,306,SPAN,341,1,
SPAN,306,SPAN,342,1,
SPAN,306,SPAN,350,1,
SPAN,306,SPAN,352,1,
SPAN,307,SPAN,302,1,
SPAN,307,SPAN,303,1,
SPAN,307,SPAN,304,1,
SPAN,307,SPAN,306,1,
SPAN,307,SPAN,301,1,
SPAN,307,SPAN,311,1,
SPAN,307,SPAN,312,1,
SPAN,307,SPAN,318,1,
SPAN,307,SPAN,320,1,
SPAN,307,SPAN,331,1,
SPAN,307,SPAN,332,1,
SPAN,307,SPAN,341,1,
SPAN,307,SPAN,342,1,
SPAN,307,SPAN,350,1,
SPAN,307,SPAN,352,1,
SPAN,312,SPAN,202,1,
SPAN,312,SPAN,203,1,
SPAN,312,SPAN,222,1,
SPAN,318,SPAN,218,1,
SPAN,318,SPAN,302,1,
SPAN,318,SPAN,303,1,
SPAN,318,SPAN,304,1,
SPAN,318,SPAN,306,1,
SPAN,318,SPAN,307,1,
SPAN,318,SPAN,301,1,
SPAN,318,SPAN,311,1,
SPAN,318,SPAN,312,1,
SPAN,318,SPAN,320,1,
SPAN,318,SPAN,331,1,
SPAN,318,SPAN,332,1,
SPAN,318,SPAN,341,1,
SPAN,318,SPAN,342,1,
SPAN,318,SPAN,350,1,
SPAN,318,SPAN,352,1,
SPAN,320,SPAN,302,1,
SPAN,320,SPAN,303,1,
SPAN,320,SPAN,304,1,
SPAN,320,SPAN,306,1,
SPAN,320,SPAN,307,1,
SPAN,320,SPAN,301,1,
SPAN,320,SPAN,311,1,
SPAN,320,SPAN,312,1,
SPAN,320,SPAN,318,1,
SPAN,320,SPAN,331,1,
SPAN,320,SPAN,332,1,
SPAN,320,SPAN,341,1,
SPAN,320,SPAN,342,1,
SPAN,320,SPAN,350,1,
SPAN,320,SPAN,352,1,
SPAN,350,SPAN,302,1,
SPAN,350,SPAN,303,1,
SPAN,350,SPAN,304,1,
SPAN,350,SPAN,306,1,
SPAN,350,SPAN,307,1,
SPAN,350,SPAN,301,1,
SPAN,350,SPAN,311,1,
SPAN,350,SPAN,312,1,
SPAN,350,SPAN,318,1,
SPAN,350,SPAN,320,1,
SPAN,350,SPAN,331,1,
SPAN,350,SPAN,332,1,
SPAN,350,SPAN,341,1,
SPAN,350,SPAN,342,1,
SPAN,350,SPAN,352,1,
SPAN,413,SPAN,301,1,
SPAN,413,SPAN,302,1,
SPAN,413,SPAN,303,1,
SPAN,413,SPAN,304,1,
SPAN,413,SPAN,306,1,
SPAN,413,SPAN,307,1,
SPAN,413,SPAN,311,1,
SPAN,413,SPAN,312,1,
SPAN,413,SPAN,318,1,
SPAN,413,SPAN,320,1,
SPAN,413,SPAN,331,1,
SPAN,413,SPAN,332,1,
SPAN,413,SPAN,341,1,
SPAN,413,SPAN,342,1,
SPAN,413,SPAN,350,1,
SPAN,413,SPAN,352,1,
SPAN,413,SPAN,301,2,
SPAN,413,SPAN,302,2,
SPAN,413,SPAN,303,2,
SPAN,413,SPAN,304,2,
SPAN,413,SPAN,306,2,
SPAN,413,SPAN,307,2,
SPAN,413,SPAN,311,2,
SPAN,413,SPAN,312,2,
SPAN,413,SPAN,318,2,
SPAN,413,SPAN,320,2,
SPAN,413,SPAN,331,2,
SPAN,413,SPAN,332,2,
SPAN,413,SPAN,341,2,
SPAN,413,SPAN,342,2,
SPAN,413,SPAN,350,2,
SPAN,413,SPAN,352,2,
SPAN,421,SPAN,301,1,
SPAN,421,SPAN,302,1,
SPAN,421,SPAN,303,1,
SPAN,421,SPAN,304,1,
SPAN,421,SPAN,306,1,
SPAN,421,SPAN,307,1,
SPAN,421,SPAN,311,1,
SPAN,421,SPAN,312,1,
SPAN,421,SPAN,318,1,
SPAN,421,SPAN,320,1,
SPAN,421,SPAN,331,1,
SPAN,421,SPAN,332,1,
SPAN,421,SPAN,341,1,
SPAN,421,SPAN,342,1,
SPAN,421,SPAN,350,1,
SPAN,421,SPAN,352,1,
SPAN,421,SPAN,301,2,
SPAN,421,SPAN,302,2,
SPAN,421,SPAN,303,2,
SPAN,421,SPAN,304,2,
SPAN,421,SPAN,306,2,
SPAN,421,SPAN,307,2,
SPAN,421,SPAN,311,2,
SPAN,421,SPAN,312,2,
SPAN,421,SPAN,318,2,
SPAN,421,SPAN,320,2,
SPAN,421,SPAN,331,2,
SPAN,421,SPAN,332,2,
SPAN,421,SPAN,341,2,
SPAN,421,SPAN,342,2,
SPAN,421,SPAN,350,2,
SPAN,421,SPAN,352,2,
SPED,316,INST,210,1,
SPED,321,INST,210,1,
SPED,325,SEFB,315,1,
SPED,325,SEFB,325,2,
SPED,326,SPED,316,1,
SPED,601,SPED,604,1,
SPED,601,SPED,699,2,
SPED,605,SPED,601,1,
SPED,605,SPED,604,2,
SPED,605,SPED,699,3,
SPMT,260,SPMT,270,1,
SPMT,262,SPMT,260,1,
SPMT,262,SPMT,272,2,
SPMT,265,ENGL,103,1,
SPMT,265,ENGL,104,1,
SPMT,265,SPMT,260,2,
SPMT,265,SPMT,262,3,
SPMT,265,SPMT,270,4,
SPMT,265,SPMT,272,5,
SPMT,265,COMM,203,6,
SPMT,270,SPMT,260,1,
SPMT,272,SPMT,270,1,
SPMT,272,SPMT,262,2,
SPMT,295,SPMT,260,1,
SPMT,295,SPMT,270,2,
SPMT,295,SPMT,265,3,
SPMT,360,SPMT,260,1,
SPMT,360,SPMT,262,2,
SPMT,360,SPMT,265,3,
SPMT,360,SPMT,270,4,
SPMT,360,SPMT,272,5,
SPMT,360,SPMT,295,6,
SPMT,362,SPMT,260,1,
SPMT,362,SPMT,262,2,
SPMT,362,SPMT,265,3,
SPMT,362,SPMT,270,4,
SPMT,362,SPMT,272,5,
SPMT,362,SPMT,295,6,
SPMT,364,SPMT,260,1,
SPMT,364,SPMT,262,2,
SPMT,364,SPMT,265,3,
SPMT,364,SPMT,270,4,
SPMT,364,SPMT,272,5,
SPMT,364,SPMT,295,6,
SPMT,366,SPMT,260,1,
SPMT,366,SPMT,262,2,
SPMT,366,SPMT,265,3,
SPMT,366,SPMT,270,4,
SPMT,366,SPMT,272,5,
SPMT,366,SPMT,295,6,
SPMT,370,SPMT,260,1,
SPMT,370,SPMT,262,2,
SPMT,370,SPMT,265,3,
SPMT,370,SPMT,270,4,
SPMT,370,SPMT,272,5,
SPMT,370,SPMT,295,6,
SPMT,372,SPMT,260,1,
SPMT,372,SPMT,262,2,
SPMT,372,SPMT,265,3,
SPMT,372,SPMT,270,4,
SPMT,372,SPMT,272,5,
SPMT,372,SPMT,295,6,
SPMT,374,SPMT,260,1,
SPMT,374,SPMT,262,2,
SPMT,374,SPMT,265,3,
SPMT,374,SPMT,270,4,
SPMT,374,SPMT,272,5,
SPMT,374,SPMT,295,6,
SPMT,401,SPMT,295,1,
SPMT,401,SPMT,481,2,
SPMT,455,SPMT,481,1,
SPMT,460,SPMT,360,1,
SPMT,460,SPMT,362,2,
SPMT,460,SPMT,364,3,
SPMT,460,SPMT,366,4,
SPMT,460,SPMT,370,5,
SPMT,460,SPMT,372,6,
SPMT,460,SPMT,374,7,
SPMT,462,SPMT,360,1,
SPMT,462,SPMT,362,2,
SPMT,462,SPMT,364,3,
SPMT,462,SPMT,366,4,
SPMT,462,SPMT,370,5,
SPMT,462,SPMT,372,6,
SPMT,462,SPMT,374,7,
SPMT,470,SPMT,360,1,
SPMT,470,SPMT,362,2,
SPMT,470,SPMT,364,3,
SPMT,470,SPMT,366,4,
SPMT,470,SPMT,370,5,
SPMT,470,SPMT,372,6,
SPMT,470,SPMT,374,7,
SPMT,472,SPMT,360,1,
SPMT,472,SPMT,362,2,
SPMT,472,SPMT,364,3,
SPMT,472,SPMT,366,4,
SPMT,472,SPMT,370,5,
SPMT,472,SPMT,372,6,
SPMT,472,SPMT,374,7,
SPMT,484,SPMT,402,1,
SPSY,614,SPSY,612,1,
SPSY,614,SPSY,617,2,
SPSY,641,SPSY,610,1,
STAT,211,MATH,148,1,
STAT,211,MATH,152,1,
STAT,211,MATH,172,1,
STAT,212,STAT,211,1,
STAT,302,MATH,141,1,
STAT,302,MATH,168,1,
STAT,302,MATH,131,1,
STAT,302,MATH,140,1,
STAT,302,MATH,147,1,
STAT,302,MATH,150,1,
STAT,302,MATH,151,1,
STAT,302,MATH,171,1,
STAT,302,MATH,142,1,
STAT,312,MATH,147,1,
STAT,312,MATH,142,1,
STAT,312,MATH,151,1,
STAT,312,MATH,171,1,
STAT,312,STAT,201,2,
STAT,312,MATH,148,2,
STAT,312,MATH,152,2,
STAT,312,MATH,172,2,
STAT,404,STAT,212,1,
STAT,408,STAT,212,1,
STAT,408,MATH,304,2,
STAT,408,MATH,323,2,
STAT,414,MATH,221,1,
STAT,414,MATH,251,1,
STAT,414,MATH,253,1,
STAT,415,STAT,414,1,
STAT,415,MATH,411,1,
STAT,426,STAT,408,1,
STAT,426,STAT,414,2,
STAT,438,MATH,221,1,
STAT,438,STAT,408,2,
STAT,446,STAT,212,1,
STAT,446,STAT,408,2,
STAT,482,STAT,404,1,
STAT,482,STAT,408,2,
STAT,618,STAT,612,1,
STAT,618,STAT,613,2,
STAT,618,STAT,616,3,
STAT,692,STAT,642,1,
STAT,693,STAT,648,1,
TCMG,476,TCMG,303,1,
TCMG,476,TCMG,304,1,
TEFB,371,EDCI,354,1,
TEFB,410,TEFB,412,1,
TEFB,410,TEFB,413,2,
TEFB,410,RDNG,467,3,
TEFB,412,MATH,365,1,
TEFB,412,MATH,366,2,
TEFB,412,RDNG,467,3,
TEFB,412,TEFB,410,4,
TEFB,412,TEFB,413,5,
TEFB,413,TEFB,273,1,
TEFB,413,RDNG,467,2,
TEFB,413,TEFB,410,3,
TEFB,413,TEFB,412,4,
THEA,342,PVFA,111,1,
URPN,310,URPN,210,1,
URPN,320,URPN,220,1,
URPN,326,URSC,325,1,
URPN,493,URPN,310,1,
URPN,493,URPN,331,1,
URPN,493,URPN,469,1,
URPN,493,LAND,494,2,
VIBS,310,BIOL,112,1,
VIBS,310,CHEM,228,2,
VIBS,310,PHYS,202,3,
VIBS,310,MATH,142,4,
VIBS,310,MATH,151,4,
VIBS,311,BIOL,112,1,
VIBS,311,CHEM,228,2,
VIBS,311,PHYS,202,3,
VIBS,311,MATH,142,4,
VIBS,311,MATH,151,4,
VIBS,411,BIMS,320,1,
VIBS,411,GENE,320,1,
VIBS,445,VIBS,305,1,
VIST,106,VIST,105,1,
VIST,173,VIST,172,1,
VIST,206,VIST,275,1,
VIST,305,VIST,206,1,
VIST,327,VIST,225,1,
VIST,339,VIST,206,1,
VIST,354,VIST,271,1,
VIST,354,VIST,272,1,
VIST,354,ARTS,303,1,
VIST,372,VIST,271,1,
VIST,372,VIST,272,1,
VIST,405,VIST,305,1,
VIST,405,VIST,301,2,
VIST,405,VIST,494,2,
VIST,409,VIST,305,1,
VIST,409,VIST,339,2,
VIST,419,VIST,305,1,
VIST,429,VIST,172,1,
VIST,429,VIST,225,1,
VIST,429,VIST,272,1,
VIST,429,VIST,325,1,
VIST,429,VIST,419,1,
VIST,429,VIST,425,1,
VIST,439,VIST,339,1,
VIST,442,ARTS,349,1,
VIST,442,VIST,206,2,
VIST,480,VIST,386,1,
VIZA,622,VIST,465,1,
VIZA,622,VIZA,611,1,
VPAT,651,VPAT,641,1,
VTMI,610,VIBS,608,1,
VTMI,610,STAT,651,2,
VTPB,334,BIOL,107,1,
VTPB,334,BIOL,111,1,
VTPB,405,BIOL,112,1,
VTPB,405,CHEM,228,2,
VTPB,405,MATH,142,3,
VTPB,405,MATH,151,3,
VTPB,405,PHYS,202,4,
VTPB,407,VTPB,405,1,
VTPB,407,VTPB,409,2,
VTPB,407,VTPB,438,3,
VTPB,410,CHEM,227,1,
VTPB,410,CHEM,228,2,
VTPP,323,BIOL,111,1,
VTPP,425,VTPP,423,1,
VTPP,425,BIOL,320,1,
VTPP,427,VTPP,423,1,
VTPP,427,BIOL,320,1,
VTPP,435,VTPP,434,1,
VTPP,452,BICH,410,1,
VTPP,489,BIOL,111,1,
VTPP,489,BIOL,112,1,
WGST,320,WGST,200,1,
WGST,401,WGST,200,1,
WGST,401,WMST,200,1,